FlightID,RouteCode,Origin,Destination,FlightDate,FlightDurationMins,AircraftType,SeatsAvailable,SeatsSold,Revenue,OperationalCost
1,DEL-BLR,DEL,BLR,2024-12-12,738,B737,186,139,1306600,1405210.21
2,BOM-DXB,BOM,DXB,2024-12-19,136,B787,247,71,315382,209138.46
3,DEL-LHR,DEL,LHR,2024-05-03,123,B737,213,209,2246959,2269132.39
4,BOM-DXB,BOM,DXB,2024-10-06,465,B737,194,138,1206810,907368.45
5,DEL-JFK,DEL,JFK,2024-02-26,887,B737,208,188,2144140,1348705.8
6,BOM-SIN,BOM,SIN,2024-12-26,566,A321,136,102,1138014,895970.49
7,BLR-SIN,BLR,SIN,2024-09-28,143,A350,184,160,1608640,1027723.3
8,DEL-JFK,DEL,JFK,2024-04-11,568,A350,156,115,1168055,1104411.54
9,BLR-HYD,BLR,HYD,2024-10-31,265,A321,291,76,437228,284480.72
10,BLR-SIN,BLR,SIN,2024-02-08,771,A350,238,124,650628,467587.07
11,BOM-SIN,BOM,SIN,2024-05-19,620,A350,206,99,503019,505174.47
12,BOM-DXB,BOM,DXB,2024-01-27,294,A350,246,180,1177920,1200778.09
13,BLR-SIN,BLR,SIN,2024-07-12,220,A320,199,154,1839992,1403462.82
14,BOM-DXB,BOM,DXB,2024-09-04,339,B737,220,191,992245,649894.62
15,BOM-DEL,BOM,DEL,2024-02-05,707,B787,172,91,411320,382674.77
16,DEL-JFK,DEL,JFK,2024-11-25,509,A321,204,82,778180,837108.38
17,DEL-BLR,DEL,BLR,2024-06-24,407,A321,155,63,712404,783434.0
18,HYD-BOM,HYD,BOM,2024-02-24,541,B787,161,74,534650,479083.91
19,MAA-DEL,MAA,DEL,2024-11-09,290,B737,160,159,1904820,1269075.34
20,MAA-DEL,MAA,DEL,2024-11-30,374,A350,159,104,619528,578518.17
21,DEL-JFK,DEL,JFK,2024-07-08,460,B737,123,94,630740,616194.32
22,HYD-BOM,HYD,BOM,2024-10-03,187,B737,278,205,1709905,1528875.54
23,BLR-SIN,BLR,SIN,2024-06-05,615,A350,143,93,798405,784228.57
24,DEL-BLR,DEL,BLR,2024-02-25,747,A320,162,115,478515,299016.73
25,BOM-SIN,BOM,SIN,2024-02-21,422,A321,191,160,832640,714826.95
26,DEL-LHR,DEL,LHR,2024-09-08,521,A320,224,160,1547840,1534703.66
27,BLR-HYD,BLR,HYD,2024-12-07,571,A350,196,87,657720,466478.63
28,BLR-HYD,BLR,HYD,2024-01-07,886,A320,222,200,1977800,2054036.56
29,DEL-LHR,DEL,LHR,2024-01-04,85,A350,152,130,1208220,879293.74
30,HYD-BOM,HYD,BOM,2024-09-07,539,A350,129,89,646674,649449.27
31,BOM-DXB,BOM,DXB,2024-03-12,835,B737,269,117,513045,530866.68
32,BOM-DXB,BOM,DXB,2024-02-07,483,A321,243,243,2078379,1714358.05
33,BOM-DXB,BOM,DXB,2024-08-20,773,A350,249,215,1011360,865984.22
34,DEL-JFK,DEL,JFK,2024-09-06,732,A320,157,99,527670,349235.98
35,BOM-DXB,BOM,DXB,2024-10-27,843,A320,157,69,320436,343949.6
36,MAA-DEL,MAA,DEL,2024-04-22,104,B787,133,76,445360,344601.67
37,BLR-SIN,BLR,SIN,2024-03-12,458,B787,160,89,618283,501760.73
38,BLR-SIN,BLR,SIN,2024-08-12,780,B787,242,108,751356,471961.54
39,DEL-BLR,DEL,BLR,2024-03-25,624,B787,294,248,1634816,1764308.55
40,BOM-DXB,BOM,DXB,2024-06-05,233,B787,168,102,576300,406349.07
41,HYD-BOM,HYD,BOM,2024-01-28,92,B737,202,109,1082697,834405.61
42,BOM-SIN,BOM,SIN,2024-12-30,417,A320,294,87,645975,407266.55
43,DEL-LHR,DEL,LHR,2024-07-15,379,B787,134,85,771460,830227.89
44,DEL-JFK,DEL,JFK,2024-03-25,165,B787,287,251,2524307,1913488.8
45,DEL-LHR,DEL,LHR,2024-11-26,426,B787,224,101,948996,573308.69
46,MAA-DEL,MAA,DEL,2024-06-07,448,A321,143,120,506040,330957.15
47,DEL-LHR,DEL,LHR,2024-07-07,708,B737,229,206,1163076,1245812.0
48,BOM-DEL,BOM,DEL,2024-08-14,649,A320,135,121,799689,566074.9
49,MAA-DEL,MAA,DEL,2024-03-19,182,A320,283,109,663592,491290.36
50,BLR-SIN,BLR,SIN,2024-08-31,260,B737,267,211,1474468,941212.52
51,MAA-DEL,MAA,DEL,2024-07-20,155,B787,242,231,1279047,1254327.18
52,BLR-SIN,BLR,SIN,2024-09-16,449,A350,240,97,617405,516585.47
53,BOM-SIN,BOM,SIN,2024-01-11,768,A321,274,154,1538768,1662389.78
54,DEL-LHR,DEL,LHR,2024-09-07,334,B787,251,186,2081340,1583652.44
55,BLR-SIN,BLR,SIN,2024-11-25,272,B737,244,236,1324668,1315071.54
56,BOM-DEL,BOM,DEL,2024-10-28,260,A350,124,114,1232226,1012447.42
57,BOM-DXB,BOM,DXB,2024-12-01,432,B737,125,97,857674,666743.11
58,DEL-LHR,DEL,LHR,2024-05-01,534,A350,153,111,1097346,784605.15
59,BLR-SIN,BLR,SIN,2024-04-29,475,A321,181,72,853056,783878.76
60,BLR-HYD,BLR,HYD,2024-05-14,380,B787,236,80,355120,289038.33
61,BLR-SIN,BLR,SIN,2024-05-10,202,B787,188,87,1007373,967468.9
62,BOM-SIN,BOM,SIN,2024-05-01,242,B787,296,199,2190393,1713998.88
63,BLR-HYD,BLR,HYD,2024-06-16,855,B737,178,117,810576,761300.55
64,BLR-HYD,BLR,HYD,2024-10-13,861,B737,137,100,1165800,900081.3
65,DEL-LHR,DEL,LHR,2024-11-23,850,B787,140,129,1184736,948250.26
66,HYD-BOM,HYD,BOM,2024-11-03,673,A321,128,95,763990,793278.93
67,DEL-BLR,DEL,BLR,2024-09-13,66,B737,224,89,462978,375314.33
68,HYD-BOM,HYD,BOM,2024-09-19,320,B737,128,124,550560,402016.64
69,DEL-BLR,DEL,BLR,2024-08-30,730,B737,191,140,856660,710503.88
70,BLR-SIN,BLR,SIN,2024-01-29,611,B787,201,177,1263603,791304.46
71,DEL-JFK,DEL,JFK,2024-02-12,505,B737,152,145,997600,681633.94
72,HYD-BOM,HYD,BOM,2024-07-26,243,A321,124,109,1019477,812363.36
73,BLR-HYD,BLR,HYD,2024-07-26,603,A350,159,143,1195766,1174312.16
74,HYD-BOM,HYD,BOM,2024-01-25,162,B787,145,114,1012662,620359.63
75,MAA-DEL,MAA,DEL,2024-09-17,450,A350,243,104,1231880,957596.41
76,HYD-BOM,HYD,BOM,2024-07-07,609,B737,261,154,1402170,1533602.96
77,BLR-HYD,BLR,HYD,2024-04-18,177,A320,280,182,1662388,1765804.85
78,HYD-BOM,HYD,BOM,2024-07-12,430,A320,217,63,401121,307614.15
79,DEL-BLR,DEL,BLR,2024-05-10,203,B737,189,142,623948,589015.1
80,BOM-DEL,BOM,DEL,2024-08-09,829,A320,150,135,1401705,1482941.21
81,DEL-JFK,DEL,JFK,2024-05-12,661,B787,228,228,1501152,955225.84
82,DEL-JFK,DEL,JFK,2024-06-21,396,A321,262,193,1370686,1274344.06
83,DEL-BLR,DEL,BLR,2024-12-27,806,B737,265,252,1849680,1872398.02
84,HYD-BOM,HYD,BOM,2024-11-04,751,A350,272,123,1047468,954275.21
85,BLR-HYD,BLR,HYD,2024-02-08,534,A350,233,66,293964,195606.5
86,HYD-BOM,HYD,BOM,2024-06-15,547,A320,155,87,863649,834157.11
87,DEL-LHR,DEL,LHR,2024-05-21,79,B787,201,147,1711521,1795180.14
88,BLR-HYD,BLR,HYD,2024-07-23,727,A320,226,171,834309,812972.49
89,DEL-LHR,DEL,LHR,2024-05-19,333,A320,233,217,1738821,1060467.29
90,BOM-DEL,BOM,DEL,2024-02-07,102,A321,266,161,871171,943301.75
91,MAA-DEL,MAA,DEL,2024-09-12,609,A320,146,115,1044200,976937.63
92,BOM-DEL,BOM,DEL,2024-03-31,890,A320,151,118,1392400,1348249.25
93,DEL-JFK,DEL,JFK,2024-08-28,444,A350,159,95,1070175,696149.77
94,DEL-BLR,DEL,BLR,2024-05-05,802,A321,218,195,1033695,965203.87
95,BLR-HYD,BLR,HYD,2024-03-31,269,B737,279,233,1307596,1064575.7
96,DEL-JFK,DEL,JFK,2024-05-20,842,B787,135,115,728410,502516.53
97,BLR-HYD,BLR,HYD,2024-06-08,397,B737,181,71,622457,499504.42
98,BOM-DXB,BOM,DXB,2024-02-25,400,A350,127,80,502320,460966.58
99,BLR-SIN,BLR,SIN,2024-10-11,336,A321,284,146,1170190,1080936.34
100,MAA-DEL,MAA,DEL,2024-06-29,448,B787,199,82,741936,585444.71
101,BOM-SIN,BOM,SIN,2024-02-17,376,A321,223,108,897804,727048.98
102,DEL-BLR,DEL,BLR,2024-04-17,790,A350,271,266,1422302,1229941.4
103,BLR-SIN,BLR,SIN,2024-10-26,682,B787,169,115,1152760,941833.63
104,BOM-DXB,BOM,DXB,2024-05-04,221,A321,141,79,676003,636539.5
105,BOM-SIN,BOM,SIN,2024-03-25,802,A321,259,143,1253824,1351544.44
106,BOM-DXB,BOM,DXB,2024-06-07,170,A350,131,130,675220,671207.58
107,DEL-LHR,DEL,LHR,2024-10-21,728,A321,165,141,590226,422896.7
108,BLR-SIN,BLR,SIN,2024-02-08,495,A321,191,78,350610,243932.91
109,DEL-JFK,DEL,JFK,2024-01-21,614,A350,183,85,772565,498804.92
110,HYD-BOM,HYD,BOM,2024-05-17,489,A350,293,193,1214935,1252902.06
111,MAA-DEL,MAA,DEL,2024-10-20,479,A350,189,170,962880,1000097.82
112,BOM-SIN,BOM,SIN,2024-01-04,103,A321,236,77,371602,382568.56
113,DEL-JFK,DEL,JFK,2024-02-20,475,A350,120,81,538731,504265.7
114,BLR-SIN,BLR,SIN,2024-11-25,765,A321,267,251,2465573,1569401.15
115,MAA-DEL,MAA,DEL,2024-07-20,254,A350,187,115,969335,825397.03
116,BOM-DXB,BOM,DXB,2024-11-25,779,B787,184,114,712614,782119.86
117,BOM-DEL,BOM,DEL,2024-10-14,843,B737,220,174,1364334,1057040.44
118,BOM-SIN,BOM,SIN,2024-09-21,303,B787,286,165,1143615,962141.06
119,HYD-BOM,HYD,BOM,2024-03-21,459,A320,230,198,894168,849957.55
120,DEL-BLR,DEL,BLR,2024-06-17,376,B737,239,146,958052,988082.44
121,HYD-BOM,HYD,BOM,2024-06-12,155,A350,209,199,1417079,913415.94
122,BOM-DXB,BOM,DXB,2024-06-15,795,B787,126,95,693690,664876.99
123,BLR-SIN,BLR,SIN,2024-07-24,866,A321,278,140,1390480,1080621.16
124,DEL-BLR,DEL,BLR,2024-07-04,408,A321,146,126,879606,918334.6
125,BOM-DXB,BOM,DXB,2024-10-22,601,A320,149,91,508235,471078.81
126,HYD-BOM,HYD,BOM,2024-11-03,71,B787,173,126,1117746,1216910.1
127,BOM-DEL,BOM,DEL,2024-11-08,61,B787,289,88,771232,759514.75
128,DEL-BLR,DEL,BLR,2024-01-31,452,A321,144,106,1056078,1024941.75
129,DEL-LHR,DEL,LHR,2024-12-18,267,B787,151,103,1218696,1246567.6
130,BLR-SIN,BLR,SIN,2024-02-16,490,A350,139,132,583968,513832.25
131,BLR-SIN,BLR,SIN,2024-04-01,110,A350,248,185,2144705,1377460.53
132,BOM-SIN,BOM,SIN,2024-09-21,348,B787,208,112,1030064,719781.38
133,DEL-LHR,DEL,LHR,2024-05-16,78,B787,189,77,422807,460279.15
134,BOM-SIN,BOM,SIN,2024-04-06,150,A320,233,63,533295,516306.52
135,BLR-HYD,BLR,HYD,2024-03-01,692,A320,211,173,1505273,1483924.56
136,DEL-BLR,DEL,BLR,2024-08-28,413,B737,278,152,1240928,1272086.52
137,MAA-DEL,MAA,DEL,2024-04-07,534,A321,183,88,390720,416043.93
138,BOM-DEL,BOM,DEL,2024-08-07,474,B737,220,220,2367200,2219592.43
139,DEL-JFK,DEL,JFK,2024-12-06,85,A321,137,73,851326,822921.72
140,BLR-HYD,BLR,HYD,2024-04-09,88,B787,137,107,1030945,987910.48
141,BLR-HYD,BLR,HYD,2024-04-21,666,A350,121,74,343064,215076.71
142,BOM-SIN,BOM,SIN,2024-01-07,327,A321,130,113,1255656,1083747.63
143,DEL-LHR,DEL,LHR,2024-08-29,389,A350,271,191,1540988,1604873.79
144,BOM-DXB,BOM,DXB,2024-08-13,864,B787,148,78,750828,532361.7
145,DEL-BLR,DEL,BLR,2024-02-21,708,A320,234,120,1101240,1181772.62
146,BOM-DXB,BOM,DXB,2024-04-24,831,A320,187,137,1241494,1138498.07
147,BOM-SIN,BOM,SIN,2024-01-24,526,B737,296,70,407890,372308.21
148,BOM-DXB,BOM,DXB,2024-05-18,655,A321,251,98,889546,687875.56
149,DEL-BLR,DEL,BLR,2024-09-05,776,A321,149,105,1256325,1127375.25
150,BOM-DEL,BOM,DEL,2024-04-26,191,B737,256,182,2129036,2197756.01
151,BOM-DXB,BOM,DXB,2024-03-13,739,A350,141,127,634111,696290.18
152,BLR-HYD,BLR,HYD,2024-09-19,381,B787,173,162,924858,837651.22
153,DEL-JFK,DEL,JFK,2024-01-14,99,B737,172,103,621193,419629.89
154,BOM-DXB,BOM,DXB,2024-07-12,417,B737,222,192,2251200,1952616.0
155,DEL-BLR,DEL,BLR,2024-02-29,881,A350,152,116,977996,906182.87
156,DEL-BLR,DEL,BLR,2024-12-10,204,A320,227,212,1857544,1523766.79
157,DEL-BLR,DEL,BLR,2024-07-03,400,A350,141,106,442020,322557.92
158,BOM-SIN,BOM,SIN,2024-09-17,166,A350,204,162,1601532,1341150.84
159,BLR-SIN,BLR,SIN,2024-01-19,314,A350,137,74,630036,666483.17
160,BOM-DEL,BOM,DEL,2024-06-16,283,B737,280,251,2306439,2228227.03
161,BOM-SIN,BOM,SIN,2024-01-18,788,A320,207,66,777018,504039.05
162,BLR-SIN,BLR,SIN,2024-12-20,416,B737,170,101,869711,722357.73
163,BOM-DXB,BOM,DXB,2024-11-04,788,A321,127,103,641999,400080.87
164,DEL-JFK,DEL,JFK,2024-08-11,397,A321,289,159,1784616,1430108.29
165,DEL-JFK,DEL,JFK,2024-04-18,834,A350,295,131,1341309,995408.56
166,DEL-BLR,DEL,BLR,2024-01-26,393,A321,299,103,775693,787933.52
167,DEL-LHR,DEL,LHR,2024-02-06,725,A320,210,102,1115982,1112764.07
168,DEL-JFK,DEL,JFK,2024-07-10,766,A320,241,141,1095006,733673.33
169,BLR-SIN,BLR,SIN,2024-01-22,900,B737,249,222,2063046,1510730.4
170,BLR-SIN,BLR,SIN,2024-11-18,326,B737,282,219,2191533,1929276.32
171,BLR-SIN,BLR,SIN,2024-09-07,579,A321,206,159,1568058,980382.13
172,BOM-DEL,BOM,DEL,2024-08-05,772,B737,177,64,399488,254022.34
173,BLR-SIN,BLR,SIN,2024-12-29,404,B787,124,113,928747,730803.42
174,BLR-SIN,BLR,SIN,2024-12-07,856,A321,243,126,890946,549455.69
175,DEL-JFK,DEL,JFK,2024-05-12,366,A321,217,72,824400,557719.0
176,BOM-SIN,BOM,SIN,2024-10-10,564,A321,123,86,556678,461068.79
177,DEL-BLR,DEL,BLR,2024-03-24,216,A321,138,134,1449612,1252901.4
178,BLR-HYD,BLR,HYD,2024-09-19,720,A320,181,139,613129,489226.37
179,MAA-DEL,MAA,DEL,2024-04-15,160,B737,146,125,605000,430561.01
180,DEL-LHR,DEL,LHR,2024-04-13,240,A350,128,117,749034,528206.23
181,DEL-BLR,DEL,BLR,2024-10-31,223,A321,266,68,652868,650815.67
182,MAA-DEL,MAA,DEL,2024-06-07,65,A321,150,62,709900,633724.82
183,BLR-SIN,BLR,SIN,2024-06-09,612,A321,244,244,1154120,704227.64
184,BOM-DEL,BOM,DEL,2024-02-04,275,B737,136,133,1415120,1111588.43
185,MAA-DEL,MAA,DEL,2024-11-03,754,A350,148,144,1334880,868422.89
186,MAA-DEL,MAA,DEL,2024-05-01,520,A350,127,113,964455,602794.39
187,BLR-SIN,BLR,SIN,2024-05-29,313,B737,192,71,492030,364315.03
188,HYD-BOM,HYD,BOM,2024-03-15,395,B737,130,126,727776,614489.4
189,HYD-BOM,HYD,BOM,2024-05-16,372,A350,150,124,1131872,1140956.72
190,BLR-HYD,BLR,HYD,2024-10-10,261,B737,212,121,867207,870537.15
191,BLR-HYD,BLR,HYD,2024-03-06,328,A320,187,87,525132,514478.99
192,BLR-HYD,BLR,HYD,2024-09-19,235,A321,205,110,877800,802527.84
193,BLR-HYD,BLR,HYD,2024-07-14,242,A320,270,77,341957,265952.33
194,DEL-LHR,DEL,LHR,2024-05-05,525,A350,140,117,1021176,1082840.33
195,DEL-LHR,DEL,LHR,2024-01-19,477,B737,295,138,1360818,1400869.75
196,BOM-DXB,BOM,DXB,2024-11-02,696,A320,285,207,1511721,1348728.56
197,BOM-SIN,BOM,SIN,2024-05-07,241,A350,262,127,628777,496516.02
198,MAA-DEL,MAA,DEL,2024-06-12,624,A350,187,69,388470,382390.93
199,DEL-LHR,DEL,LHR,2024-09-30,743,A320,235,189,1058778,911905.89
200,DEL-BLR,DEL,BLR,2024-04-25,513,A321,264,87,623877,548349.71
201,BOM-DXB,BOM,DXB,2024-09-01,684,A321,296,183,1478823,1349826.45
202,BLR-HYD,BLR,HYD,2024-01-10,74,A320,216,126,1201914,906449.07
203,BOM-DEL,BOM,DEL,2024-09-03,852,A321,135,63,631449,476020.92
204,BOM-DXB,BOM,DXB,2024-09-14,486,B787,137,104,1149824,830837.31
205,BLR-HYD,BLR,HYD,2024-03-16,664,A321,237,169,1568151,1586470.36
206,BOM-DXB,BOM,DXB,2024-10-18,729,B737,235,148,1579308,1519490.41
207,BLR-SIN,BLR,SIN,2024-07-12,805,A321,205,153,1341198,864937.71
208,DEL-LHR,DEL,LHR,2024-10-09,676,A320,276,145,1107510,799646.41
209,DEL-JFK,DEL,JFK,2024-01-15,861,A320,232,220,1802460,1532376.61
210,MAA-DEL,MAA,DEL,2024-02-17,65,B787,279,61,453291,439006.61
211,DEL-LHR,DEL,LHR,2024-06-23,773,B737,296,245,1878660,1642460.56
212,BLR-HYD,BLR,HYD,2024-03-29,340,A320,204,69,489693,417628.93
213,DEL-LHR,DEL,LHR,2024-03-11,413,A350,288,209,1194226,1256366.27
214,HYD-BOM,HYD,BOM,2024-04-23,742,A321,266,223,1722452,1792707.65
215,BLR-HYD,BLR,HYD,2024-05-02,342,B787,269,223,1990052,1970854.35
216,BOM-SIN,BOM,SIN,2024-05-19,539,A321,148,81,831141,669090.85
217,DEL-JFK,DEL,JFK,2024-10-11,220,B737,229,95,1134395,925998.32
218,BOM-DXB,BOM,DXB,2024-04-07,797,B787,129,107,476364,515135.07
219,DEL-BLR,DEL,BLR,2024-02-12,719,A350,192,192,2140224,1449999.11
220,BOM-DXB,BOM,DXB,2024-05-31,436,A321,156,92,579508,384700.68
221,DEL-JFK,DEL,JFK,2024-03-29,796,B787,293,172,1448068,911796.19
222,BLR-SIN,BLR,SIN,2024-06-26,512,B787,219,165,811140,532654.29
223,DEL-LHR,DEL,LHR,2024-08-06,672,A321,232,222,1595514,1512996.4
224,BLR-SIN,BLR,SIN,2024-06-06,623,A350,260,141,1336962,1039508.5
225,DEL-JFK,DEL,JFK,2024-11-11,784,A320,297,285,2123820,2102917.3
226,BOM-DEL,BOM,DEL,2024-03-05,823,A321,251,218,1581808,1498343.03
227,BOM-DEL,BOM,DEL,2024-10-24,164,A350,233,82,742920,765123.17
228,BOM-DXB,BOM,DXB,2024-11-08,326,A350,273,164,854768,581815.3
229,BOM-DEL,BOM,DEL,2024-10-25,669,A350,228,103,1162664,770759.99
230,BLR-HYD,BLR,HYD,2024-04-20,677,A321,284,279,2618694,2244524.12
231,BOM-DXB,BOM,DXB,2024-04-20,140,B787,263,112,592256,441634.9
232,MAA-DEL,MAA,DEL,2024-04-05,349,A350,257,170,1445000,1262190.19
233,BLR-SIN,BLR,SIN,2024-07-15,803,A350,234,176,1684496,1783653.44
234,DEL-LHR,DEL,LHR,2024-03-31,789,A321,123,123,840336,529901.13
235,BLR-HYD,BLR,HYD,2024-02-27,683,A350,221,181,1085276,806659.2
236,DEL-BLR,DEL,BLR,2024-06-08,598,A321,185,138,1250004,989768.48
237,DEL-LHR,DEL,LHR,2024-07-10,366,A350,229,219,1227714,767865.94
238,BOM-SIN,BOM,SIN,2024-03-01,278,A320,148,67,340829,324427.48
239,BOM-DXB,BOM,DXB,2024-04-10,275,B787,196,171,1932813,1779372.84
240,HYD-BOM,HYD,BOM,2024-09-13,98,A321,266,132,1031712,856376.45
241,DEL-JFK,DEL,JFK,2024-12-04,301,B787,295,146,1611840,1646560.97
242,DEL-LHR,DEL,LHR,2024-09-22,145,A321,166,85,443105,389139.38
243,HYD-BOM,HYD,BOM,2024-04-04,153,A320,295,240,2456640,1976766.3
244,DEL-BLR,DEL,BLR,2024-06-11,182,A350,121,98,549878,436781.56
245,DEL-BLR,DEL,BLR,2024-05-19,108,A320,226,135,1260225,1034157.61
246,HYD-BOM,HYD,BOM,2024-08-21,181,B787,187,160,1784160,1649067.32
247,BOM-DEL,BOM,DEL,2024-08-31,312,B737,200,83,716456,604573.18
248,DEL-LHR,DEL,LHR,2024-10-28,319,A321,223,164,962352,875674.0
249,BOM-SIN,BOM,SIN,2024-08-05,173,A321,155,106,1184868,980283.56
250,BOM-DXB,BOM,DXB,2024-06-02,668,B737,223,223,2446979,2369856.09
251,BLR-SIN,BLR,SIN,2024-01-21,487,B787,235,198,1898622,1765946.61
252,BOM-DEL,BOM,DEL,2024-08-12,242,A321,227,134,1063290,769119.24
253,BLR-HYD,BLR,HYD,2024-11-24,106,B787,253,180,1286280,834317.73
254,DEL-JFK,DEL,JFK,2024-08-13,355,B787,155,108,973080,697089.58
255,BOM-DEL,BOM,DEL,2024-08-02,625,B787,287,99,1049895,696841.62
256,BOM-SIN,BOM,SIN,2024-04-14,545,A320,238,73,648532,699590.48
257,DEL-LHR,DEL,LHR,2024-06-02,803,A350,170,124,1481180,1548651.15
258,DEL-JFK,DEL,JFK,2024-10-10,98,B787,155,120,578880,415658.4
259,MAA-DEL,MAA,DEL,2024-02-09,683,A321,264,192,1724544,1586633.12
260,DEL-JFK,DEL,JFK,2024-03-26,291,A321,226,185,1513855,1323060.96
261,BLR-HYD,BLR,HYD,2024-10-19,548,A320,139,63,381024,363262.92
262,HYD-BOM,HYD,BOM,2024-01-01,196,A350,292,283,2994706,2629632.56
263,BOM-SIN,BOM,SIN,2024-12-10,193,A321,265,212,2158796,1767835.74
264,DEL-JFK,DEL,JFK,2024-01-27,814,A350,240,115,1214055,974792.08
265,MAA-DEL,MAA,DEL,2024-07-16,708,B737,187,111,744477,723615.77
266,BOM-DEL,BOM,DEL,2024-03-23,833,A321,252,145,580000,551121.36
267,DEL-BLR,DEL,BLR,2024-04-01,778,A320,136,96,642816,457269.39
268,DEL-BLR,DEL,BLR,2024-02-07,561,B737,148,131,1510561,1084856.61
269,BLR-SIN,BLR,SIN,2024-08-24,318,B737,169,119,1165724,1002920.23
270,BOM-DXB,BOM,DXB,2024-02-02,775,A350,288,221,2003586,1377056.25
271,BLR-HYD,BLR,HYD,2024-10-20,176,A350,300,257,2276763,2455194.98
272,DEL-LHR,DEL,LHR,2024-07-27,803,A350,169,87,559671,537649.07
273,BOM-DEL,BOM,DEL,2024-05-06,688,B737,228,89,773054,815149.78
274,BOM-SIN,BOM,SIN,2024-05-18,618,B787,218,181,1611986,1557611.08
275,DEL-JFK,DEL,JFK,2024-09-19,179,A321,232,215,2200310,2336559.94
276,DEL-BLR,DEL,BLR,2024-08-17,699,A350,137,78,560508,518057.39
277,MAA-DEL,MAA,DEL,2024-10-18,730,A350,214,83,992016,633190.5
278,DEL-LHR,DEL,LHR,2024-07-13,326,A320,234,226,1749466,1407941.01
279,BOM-SIN,BOM,SIN,2024-03-08,790,A320,239,122,1302106,1276001.19
280,HYD-BOM,HYD,BOM,2024-12-17,306,A320,229,92,451168,345873.19
281,DEL-JFK,DEL,JFK,2024-05-23,856,B737,186,139,1475902,1025355.41
282,DEL-BLR,DEL,BLR,2024-01-23,116,A321,176,114,1085280,1124817.43
283,MAA-DEL,MAA,DEL,2024-08-03,281,B737,281,140,588560,391019.32
284,BOM-SIN,BOM,SIN,2024-11-18,452,A321,181,91,364637,326876.47
285,DEL-BLR,DEL,BLR,2024-04-24,493,A320,185,168,1199352,1186734.78
286,MAA-DEL,MAA,DEL,2024-06-19,605,B787,180,145,635680,634878.6
287,DEL-BLR,DEL,BLR,2024-06-17,516,A350,267,149,1116010,907444.88
288,BOM-SIN,BOM,SIN,2024-08-25,241,A350,153,131,748272,706783.82
289,BLR-HYD,BLR,HYD,2024-03-01,666,B787,206,74,515706,315721.71
290,MAA-DEL,MAA,DEL,2024-03-09,96,B737,253,127,1133729,761805.74
291,DEL-JFK,DEL,JFK,2024-08-16,679,B787,184,95,963205,1047102.73
292,DEL-LHR,DEL,LHR,2024-02-19,837,B787,194,160,1058400,920209.51
293,BLR-HYD,BLR,HYD,2024-04-03,271,A321,216,143,842985,506440.78
294,BOM-DEL,BOM,DEL,2024-03-19,81,A350,182,99,1095534,951678.18
295,MAA-DEL,MAA,DEL,2024-01-16,91,A320,201,149,1297492,1233452.46
296,DEL-JFK,DEL,JFK,2024-08-30,507,A350,299,275,2569325,2524069.57
297,BLR-SIN,BLR,SIN,2024-07-01,149,A320,234,214,1432088,956869.45
298,DEL-BLR,DEL,BLR,2024-04-09,163,A350,171,122,837286,806845.14
299,BLR-HYD,BLR,HYD,2024-09-03,382,A350,249,121,650012,506264.47
300,BLR-HYD,BLR,HYD,2024-12-25,139,A321,270,141,1107696,792676.83
301,HYD-BOM,HYD,BOM,2024-04-26,209,A350,197,112,1169392,1177192.28
302,BOM-DXB,BOM,DXB,2024-02-24,757,B737,162,121,778877,544844.56
303,BLR-SIN,BLR,SIN,2024-02-25,134,A321,176,69,808197,750234.4
304,MAA-DEL,MAA,DEL,2024-08-19,646,A350,210,177,997572,746339.94
305,BOM-DEL,BOM,DEL,2024-03-21,97,B787,229,109,466520,398304.58
306,DEL-LHR,DEL,LHR,2024-07-29,895,A320,234,102,841398,543415.62
307,BOM-SIN,BOM,SIN,2024-11-02,757,A321,288,233,1915726,1322263.69
308,BOM-DXB,BOM,DXB,2024-04-17,436,B787,189,158,1867718,1503403.19
309,HYD-BOM,HYD,BOM,2024-03-25,67,A321,230,196,915908,549704.36
310,DEL-BLR,DEL,BLR,2024-02-06,854,A350,193,97,856704,661270.58
311,BLR-SIN,BLR,SIN,2024-12-09,680,A350,293,270,1459890,1458282.56
312,DEL-JFK,DEL,JFK,2024-05-09,211,A321,202,114,850668,836630.84
313,DEL-LHR,DEL,LHR,2024-05-19,748,A321,167,104,990912,1019732.52
314,BLR-HYD,BLR,HYD,2024-03-20,391,B737,186,114,1234050,1340304.15
315,BOM-DEL,BOM,DEL,2024-01-08,264,B737,186,83,561495,468736.0
316,BOM-DXB,BOM,DXB,2024-09-03,104,A320,188,98,429632,329517.69
317,BLR-HYD,BLR,HYD,2024-06-10,433,B737,207,206,1722572,1671241.61
318,BOM-DXB,BOM,DXB,2024-08-05,319,B787,221,83,704504,678043.91
319,BLR-SIN,BLR,SIN,2024-10-06,795,A320,294,248,2114696,1527801.15
320,BLR-SIN,BLR,SIN,2024-02-13,611,A350,135,92,1103908,1207418.12
321,BOM-DXB,BOM,DXB,2024-06-24,429,A320,245,80,567040,359150.85
322,DEL-LHR,DEL,LHR,2024-12-16,553,B787,281,228,2283420,1672691.41
323,BOM-DEL,BOM,DEL,2024-10-09,720,A350,181,159,1313976,1249027.67
324,BLR-SIN,BLR,SIN,2024-01-17,299,A321,140,108,1119960,1230615.34
325,HYD-BOM,HYD,BOM,2024-09-29,329,A320,272,76,843144,886090.13
326,BOM-DXB,BOM,DXB,2024-08-09,514,A320,181,87,467538,313628.35
327,BOM-DXB,BOM,DXB,2024-02-06,732,A321,235,232,2107720,1527488.97
328,BOM-DXB,BOM,DXB,2024-06-21,552,B737,249,61,717970,643914.47
329,BLR-HYD,BLR,HYD,2024-07-17,361,B787,273,134,1028048,871561.28
330,HYD-BOM,HYD,BOM,2024-08-11,658,A320,130,122,976000,834444.15
331,MAA-DEL,MAA,DEL,2024-04-07,176,A350,195,154,773850,672070.82
332,BOM-DXB,BOM,DXB,2024-08-17,215,B787,266,194,1579742,1034605.06
333,BOM-DXB,BOM,DXB,2024-03-03,602,A321,189,108,1024056,785006.8
334,DEL-LHR,DEL,LHR,2024-03-27,581,A350,235,163,1257545,847913.69
335,BLR-SIN,BLR,SIN,2024-03-05,891,B787,241,209,1897929,1163766.25
336,DEL-JFK,DEL,JFK,2024-11-01,812,B787,254,129,542832,374164.63
337,HYD-BOM,HYD,BOM,2024-07-02,561,A350,129,92,1035460,774370.31
338,MAA-DEL,MAA,DEL,2024-07-26,119,B787,150,83,529291,502379.81
339,BOM-DEL,BOM,DEL,2024-07-16,716,A321,139,132,578952,514482.22
340,BOM-DXB,BOM,DXB,2024-10-19,727,B737,287,187,1988745,1735035.32
341,DEL-LHR,DEL,LHR,2024-09-16,283,B737,283,97,815770,659336.58
342,BOM-SIN,BOM,SIN,2024-03-31,378,A350,296,115,1157130,698520.29
343,MAA-DEL,MAA,DEL,2024-12-01,696,A350,189,132,938256,581801.42
344,BOM-DXB,BOM,DXB,2024-09-10,822,A320,170,160,702080,623281.37
345,DEL-BLR,DEL,BLR,2024-09-22,582,B787,296,70,288890,189813.21
346,DEL-BLR,DEL,BLR,2024-02-18,719,A321,133,128,1057024,1058970.16
347,DEL-JFK,DEL,JFK,2024-08-06,294,A320,263,229,977830,737167.77
348,DEL-LHR,DEL,LHR,2024-05-24,458,B737,128,72,849600,584135.87
349,DEL-JFK,DEL,JFK,2024-10-05,897,B787,198,133,1092196,971714.53
350,BLR-HYD,BLR,HYD,2024-02-14,806,A320,166,78,533910,365487.24
351,BLR-HYD,BLR,HYD,2024-12-28,582,A350,163,95,474810,416256.38
352,DEL-JFK,DEL,JFK,2024-09-12,336,A350,277,135,794880,517253.31
353,BOM-DEL,BOM,DEL,2024-02-29,272,B787,234,114,458850,454363.29
354,HYD-BOM,HYD,BOM,2024-08-03,594,B737,219,199,1374294,1050700.98
355,BOM-DXB,BOM,DXB,2024-03-01,752,B737,162,152,1822480,1305219.4
356,HYD-BOM,HYD,BOM,2024-08-30,302,A320,267,80,510480,554206.24
357,BOM-SIN,BOM,SIN,2024-12-11,612,B737,181,89,1063372,697607.67
358,DEL-JFK,DEL,JFK,2024-12-16,130,A320,149,98,459032,467031.86
359,DEL-LHR,DEL,LHR,2024-10-02,446,B787,208,122,678320,558927.04
360,BOM-DXB,BOM,DXB,2024-10-06,238,B787,184,157,1803616,1697995.51
361,BLR-SIN,BLR,SIN,2024-03-13,601,B737,293,194,1996842,1333849.33
362,MAA-DEL,MAA,DEL,2024-05-16,381,A321,292,203,1658510,1335177.33
363,DEL-BLR,DEL,BLR,2024-11-13,433,A321,236,184,1874040,1593022.34
364,DEL-JFK,DEL,JFK,2024-01-07,880,A321,294,114,652878,470916.19
365,MAA-DEL,MAA,DEL,2024-12-13,532,A321,165,120,746880,819219.29
366,DEL-JFK,DEL,JFK,2024-04-07,178,A321,136,102,509082,403247.79
367,DEL-JFK,DEL,JFK,2024-10-03,389,B787,296,118,838036,720322.14
368,BOM-DEL,BOM,DEL,2024-12-13,77,A320,276,242,1824680,1335956.17
369,BLR-HYD,BLR,HYD,2024-11-06,63,A350,210,114,659262,548572.05
370,BLR-HYD,BLR,HYD,2024-12-17,621,A350,177,90,882180,661973.33
371,BOM-DEL,BOM,DEL,2024-04-18,848,A320,123,73,811030,887327.28
372,BOM-DXB,BOM,DXB,2024-09-24,731,A320,152,131,742508,465360.82
373,BOM-SIN,BOM,SIN,2024-02-14,535,B787,205,75,765600,703618.21
374,BOM-SIN,BOM,SIN,2024-12-23,486,B737,208,201,2072109,1260930.34
375,BOM-SIN,BOM,SIN,2024-10-14,274,B787,159,150,922500,599209.62
376,DEL-LHR,DEL,LHR,2024-05-11,314,A321,230,189,1967490,2090797.09
377,BLR-HYD,BLR,HYD,2024-10-13,410,A320,287,190,1909500,1434231.63
378,HYD-BOM,HYD,BOM,2024-01-04,373,A350,173,108,1018440,999771.22
379,MAA-DEL,MAA,DEL,2024-02-24,666,A350,274,200,1799600,1820428.38
380,BOM-DEL,BOM,DEL,2024-07-29,786,B737,300,184,1708440,1052033.95
381,BOM-SIN,BOM,SIN,2024-07-31,168,B787,201,168,1697136,1232366.6
382,BOM-DXB,BOM,DXB,2024-04-10,642,B737,268,116,480704,519391.2
383,DEL-LHR,DEL,LHR,2024-02-21,454,A320,154,93,525822,318981.75
384,MAA-DEL,MAA,DEL,2024-12-17,411,A321,281,168,898968,619421.14
385,DEL-LHR,DEL,LHR,2024-04-27,776,A320,252,197,1523007,1362034.32
386,HYD-BOM,HYD,BOM,2024-10-17,347,A321,176,109,642882,654111.39
387,BOM-DXB,BOM,DXB,2024-10-06,732,A320,289,129,570567,442131.8
388,BOM-SIN,BOM,SIN,2024-09-29,146,A320,238,206,1886960,1879730.62
389,BLR-HYD,BLR,HYD,2024-07-09,200,A320,201,168,1385328,868408.58
390,BLR-HYD,BLR,HYD,2024-05-28,740,A321,149,148,840936,552008.02
391,BLR-SIN,BLR,SIN,2024-07-12,815,B737,250,220,2384800,1468953.02
392,DEL-LHR,DEL,LHR,2024-05-03,259,B737,237,144,600624,603303.98
393,BOM-SIN,BOM,SIN,2024-07-13,597,A321,285,259,1594663,1531226.35
394,BOM-DEL,BOM,DEL,2024-02-11,687,A320,143,79,803430,737215.2
395,DEL-JFK,DEL,JFK,2024-06-19,811,A321,250,174,1008504,767985.5
396,BOM-DXB,BOM,DXB,2024-09-07,757,A320,190,177,821457,731914.35
397,MAA-DEL,MAA,DEL,2024-05-07,493,B787,162,61,670939,507284.15
398,BLR-HYD,BLR,HYD,2024-01-24,264,B737,213,80,846080,849799.26
399,MAA-DEL,MAA,DEL,2024-07-29,632,A320,278,240,1525680,1354499.73
400,HYD-BOM,HYD,BOM,2024-03-10,846,B737,218,122,501420,379215.67
401,BOM-DXB,BOM,DXB,2024-05-25,752,B787,217,108,611172,572773.58
402,DEL-LHR,DEL,LHR,2024-12-25,879,A350,214,148,1563916,1117327.0
403,BOM-SIN,BOM,SIN,2024-11-06,424,B737,207,204,2068764,2196911.64
404,BOM-DXB,BOM,DXB,2024-09-29,550,B737,142,140,614600,568778.27
405,BOM-DXB,BOM,DXB,2024-06-04,529,A350,134,101,757904,649771.55
406,BLR-HYD,BLR,HYD,2024-09-07,858,A320,143,68,744668,713034.33
407,MAA-DEL,MAA,DEL,2024-01-07,822,B737,158,126,1473948,1108629.2
408,BLR-HYD,BLR,HYD,2024-04-20,773,A350,263,181,1061565,1132617.2
409,DEL-BLR,DEL,BLR,2024-11-18,811,A320,243,140,982100,977743.92
410,MAA-DEL,MAA,DEL,2024-05-02,813,B737,223,145,1382865,1251672.76
411,DEL-JFK,DEL,JFK,2024-06-16,486,B787,254,148,613164,416429.21
412,DEL-LHR,DEL,LHR,2024-05-12,825,A350,163,156,787800,529049.7
413,BLR-SIN,BLR,SIN,2024-12-12,598,B787,293,271,2858779,3038812.72
414,MAA-DEL,MAA,DEL,2024-01-29,171,B787,160,80,865200,811520.81
415,HYD-BOM,HYD,BOM,2024-03-14,555,B787,140,106,612786,451763.67
416,MAA-DEL,MAA,DEL,2024-08-08,608,A350,290,79,389470,328523.0
417,BOM-DXB,BOM,DXB,2024-06-25,849,A320,220,217,978453,997969.6
418,BOM-DEL,BOM,DEL,2024-04-25,164,A321,217,116,1189232,856573.28
419,DEL-BLR,DEL,BLR,2024-04-24,228,A350,248,84,824292,706016.07
420,MAA-DEL,MAA,DEL,2024-10-05,293,A350,272,240,1965840,1364689.29
421,DEL-LHR,DEL,LHR,2024-03-01,239,A321,181,110,656370,569605.36
422,BOM-SIN,BOM,SIN,2024-03-22,430,A350,143,110,1149170,997981.86
423,BLR-SIN,BLR,SIN,2024-08-25,225,B787,269,137,1309994,1323666.93
424,BOM-SIN,BOM,SIN,2024-04-19,750,A350,256,172,1694200,1432213.63
425,HYD-BOM,HYD,BOM,2024-07-26,420,A350,172,171,1842867,1958278.7
426,DEL-JFK,DEL,JFK,2024-12-21,703,B737,185,162,712476,481232.69
427,BOM-DXB,BOM,DXB,2024-12-18,652,A321,227,215,2160105,2304326.74
428,DEL-BLR,DEL,BLR,2024-03-14,501,B737,269,186,1414158,1153685.05
429,DEL-JFK,DEL,JFK,2024-12-21,378,A320,164,129,728463,560688.33
430,DEL-BLR,DEL,BLR,2024-11-02,384,B787,200,192,1726272,1809591.07
431,BOM-DXB,BOM,DXB,2024-02-01,186,B737,285,274,3043592,2274302.79
432,DEL-LHR,DEL,LHR,2024-01-14,393,A320,174,103,934622,631034.96
433,DEL-JFK,DEL,JFK,2024-12-04,371,A350,291,70,325010,246505.98
434,BOM-DEL,BOM,DEL,2024-09-19,538,A321,174,163,715733,441096.66
435,MAA-DEL,MAA,DEL,2024-02-26,885,A320,281,94,728782,707018.83
436,HYD-BOM,HYD,BOM,2024-09-17,378,A321,257,236,1725396,1826032.59
437,BLR-HYD,BLR,HYD,2024-02-19,780,A321,123,101,957581,1044172.72
438,BLR-HYD,BLR,HYD,2024-07-01,532,B787,178,169,1421628,1466095.18
439,BOM-DEL,BOM,DEL,2024-07-16,560,A350,123,109,1252301,877595.66
440,BLR-SIN,BLR,SIN,2024-11-06,369,B787,144,111,1282494,869991.08
441,DEL-BLR,DEL,BLR,2024-09-23,735,B787,169,103,635407,491950.68
442,DEL-LHR,DEL,LHR,2024-05-16,683,B787,124,79,876426,767023.04
443,MAA-DEL,MAA,DEL,2024-08-05,523,A350,167,114,871188,949230.52
444,BLR-HYD,BLR,HYD,2024-05-10,344,B787,235,137,597594,371978.42
445,BOM-SIN,BOM,SIN,2024-06-12,831,A320,195,69,764175,694666.96
446,BOM-SIN,BOM,SIN,2024-03-02,819,A321,249,109,1172840,1027483.93
447,MAA-DEL,MAA,DEL,2024-08-02,447,A350,237,135,724950,642922.61
448,BLR-SIN,BLR,SIN,2024-01-27,656,B787,162,120,1112280,1116607.41
449,BLR-HYD,BLR,HYD,2024-10-07,239,B737,215,102,961248,991014.47
450,BOM-SIN,BOM,SIN,2024-01-19,285,A320,227,190,1389280,860166.95
451,BLR-HYD,BLR,HYD,2024-04-05,597,B737,286,70,419020,302530.16
452,BLR-SIN,BLR,SIN,2024-09-21,259,B737,266,117,585819,512271.97
453,BOM-DXB,BOM,DXB,2024-01-04,883,B787,147,72,549360,435876.75
454,DEL-LHR,DEL,LHR,2024-08-24,784,B787,242,216,1151496,873070.96
455,DEL-JFK,DEL,JFK,2024-11-13,372,A321,198,95,1024290,724898.05
456,BLR-HYD,BLR,HYD,2024-04-03,251,B737,265,186,818586,672882.95
457,DEL-JFK,DEL,JFK,2024-02-16,589,A321,173,104,929240,792076.05
458,MAA-DEL,MAA,DEL,2024-10-14,622,A320,153,67,539886,362349.63
459,MAA-DEL,MAA,DEL,2024-05-03,84,A320,214,66,626340,501465.92
460,MAA-DEL,MAA,DEL,2024-02-03,88,A320,161,74,424094,258509.89
461,MAA-DEL,MAA,DEL,2024-06-17,733,A321,251,100,1155000,1203331.73
462,BOM-DEL,BOM,DEL,2024-08-15,665,B787,159,136,1508104,1333800.55
463,DEL-LHR,DEL,LHR,2024-07-29,213,B787,272,254,2533142,2264838.77
464,BOM-DEL,BOM,DEL,2024-10-06,689,B787,187,125,612500,661847.05
465,BOM-DEL,BOM,DEL,2024-12-06,75,B787,220,105,1108800,672200.27
466,HYD-BOM,HYD,BOM,2024-09-17,570,A320,125,62,540330,449667.84
467,MAA-DEL,MAA,DEL,2024-02-09,645,A320,257,114,826158,516469.24
468,BLR-SIN,BLR,SIN,2024-02-13,619,B737,286,265,2570500,2301284.21
469,BOM-SIN,BOM,SIN,2024-03-22,771,B787,135,107,769544,604866.57
470,BOM-DEL,BOM,DEL,2024-04-07,562,B737,210,153,1010565,719682.81
471,DEL-LHR,DEL,LHR,2024-08-19,714,A320,191,139,1266568,1298652.33
472,BLR-HYD,BLR,HYD,2024-01-14,830,A321,289,253,1331033,1410874.32
473,BOM-SIN,BOM,SIN,2024-11-06,542,A350,160,127,1147191,998775.32
474,BOM-DEL,BOM,DEL,2024-03-28,240,A321,157,76,380456,355700.71
475,BLR-SIN,BLR,SIN,2024-03-08,550,B737,136,77,527604,563777.27
476,BLR-HYD,BLR,HYD,2024-01-12,337,B737,188,184,1707336,1435501.88
477,BLR-SIN,BLR,SIN,2024-09-17,174,A320,149,68,307632,236688.65
478,HYD-BOM,HYD,BOM,2024-10-17,436,A350,227,179,1578064,1235574.34
479,BOM-SIN,BOM,SIN,2024-07-10,566,B787,230,139,881955,635104.04
480,MAA-DEL,MAA,DEL,2024-03-14,476,A321,280,264,2735568,2452921.48
481,DEL-JFK,DEL,JFK,2024-07-30,601,B737,231,71,361319,258939.53
482,DEL-BLR,DEL,BLR,2024-12-16,580,A321,235,137,603485,648629.5
483,BOM-SIN,BOM,SIN,2024-05-05,666,B787,161,111,997668,1040081.0
484,BOM-DXB,BOM,DXB,2024-07-14,413,B737,160,127,1468628,1251575.13
485,HYD-BOM,HYD,BOM,2024-03-20,365,A320,272,172,1570532,1099464.46
486,DEL-JFK,DEL,JFK,2024-08-24,643,B787,237,85,358020,349621.74
487,BOM-DXB,BOM,DXB,2024-03-10,414,A321,156,81,725517,707174.16
488,MAA-DEL,MAA,DEL,2024-08-21,467,B787,138,103,591735,420980.94
489,BOM-DXB,BOM,DXB,2024-10-09,355,B737,224,190,1318980,1275885.33
490,DEL-JFK,DEL,JFK,2024-11-05,770,B737,163,125,1024500,886916.1
491,DEL-BLR,DEL,BLR,2024-05-12,434,A321,226,196,1335544,1294174.12
492,MAA-DEL,MAA,DEL,2024-05-25,767,A320,251,200,870600,909784.25
493,DEL-LHR,DEL,LHR,2024-02-10,308,A350,153,127,617474,585795.37
494,BOM-SIN,BOM,SIN,2024-06-24,844,A350,212,65,764855,643544.51
495,DEL-LHR,DEL,LHR,2024-01-26,211,A321,300,279,2317374,1537587.83
496,BOM-SIN,BOM,SIN,2024-03-27,199,B787,287,145,756175,811098.92
497,BLR-HYD,BLR,HYD,2024-10-24,143,B787,278,90,721800,567337.49
498,HYD-BOM,HYD,BOM,2024-06-25,474,B787,143,86,956492,999316.41
499,BOM-SIN,BOM,SIN,2024-11-26,609,B737,296,168,1313592,1215720.63
500,BOM-DEL,BOM,DEL,2024-02-05,691,A320,261,216,1472040,1134356.39
501,HYD-BOM,HYD,BOM,2024-03-16,405,A350,238,89,755966,815458.46
502,DEL-JFK,DEL,JFK,2024-05-23,847,B787,128,110,735790,512350.92
503,BLR-SIN,BLR,SIN,2024-10-10,469,B737,154,136,1345992,959687.24
504,MAA-DEL,MAA,DEL,2024-10-13,505,A320,173,101,920514,559382.91
505,DEL-JFK,DEL,JFK,2024-02-10,406,A321,248,154,916608,588332.15
506,BOM-DEL,BOM,DEL,2024-12-16,220,B737,198,147,1185849,1185376.9
507,BOM-DXB,BOM,DXB,2024-11-07,129,B787,230,63,313551,327606.39
508,DEL-BLR,DEL,BLR,2024-05-23,790,B787,188,103,606773,580268.61
509,BOM-DXB,BOM,DXB,2024-05-17,738,B787,250,114,685824,574579.69
510,DEL-JFK,DEL,JFK,2024-11-01,507,A350,148,71,655117,499212.78
511,BOM-SIN,BOM,SIN,2024-06-29,312,A350,298,103,692057,501265.25
512,BLR-HYD,BLR,HYD,2024-07-31,502,B737,184,160,751680,547188.96
513,BLR-HYD,BLR,HYD,2024-01-20,506,B737,216,184,2025656,1568623.8
514,MAA-DEL,MAA,DEL,2024-07-08,798,A320,177,69,587052,642251.18
515,BOM-DXB,BOM,DXB,2024-08-22,773,A320,282,158,1472086,1020621.25
516,BLR-HYD,BLR,HYD,2024-08-20,403,B787,291,103,531892,322881.54
517,BLR-SIN,BLR,SIN,2024-11-24,452,B787,148,130,662090,413331.51
518,BOM-DXB,BOM,DXB,2024-07-24,119,A320,135,84,793044,716372.38
519,BLR-SIN,BLR,SIN,2024-02-09,113,A350,135,133,733096,459191.28
520,DEL-JFK,DEL,JFK,2024-10-29,159,A321,278,185,2054610,1541294.02
521,HYD-BOM,HYD,BOM,2024-02-17,359,A350,147,109,944485,787734.08
522,MAA-DEL,MAA,DEL,2024-09-10,381,A350,232,207,1233306,1163966.23
523,DEL-BLR,DEL,BLR,2024-09-15,643,A320,189,151,1738765,1064205.49
524,BLR-HYD,BLR,HYD,2024-09-28,249,A320,225,223,2385431,2444388.35
525,DEL-JFK,DEL,JFK,2024-08-27,892,A320,238,113,1132147,750225.8
526,DEL-BLR,DEL,BLR,2024-10-07,455,B787,161,70,409570,427338.91
527,HYD-BOM,HYD,BOM,2024-07-19,471,B737,149,60,689460,748165.81
528,HYD-BOM,HYD,BOM,2024-11-06,849,A321,153,112,539840,544312.15
529,BLR-SIN,BLR,SIN,2024-07-29,230,B737,232,140,1255380,917193.14
530,BOM-DXB,BOM,DXB,2024-01-03,271,B737,241,217,1925441,1942947.92
531,BLR-SIN,BLR,SIN,2024-06-15,768,A350,172,152,1278928,1298900.09
532,DEL-JFK,DEL,JFK,2024-03-10,148,B787,268,112,518672,480521.17
533,DEL-LHR,DEL,LHR,2024-12-28,363,B787,126,124,1145264,1027521.44
534,DEL-JFK,DEL,JFK,2024-05-06,583,B737,251,161,1175622,1075367.12
535,DEL-LHR,DEL,LHR,2024-11-24,779,A350,293,140,743260,675248.28
536,BOM-DEL,BOM,DEL,2024-07-21,309,B787,300,295,3016375,2800584.12
537,BLR-HYD,BLR,HYD,2024-11-07,754,A321,154,129,672477,447085.76
538,HYD-BOM,HYD,BOM,2024-12-15,375,A350,210,101,602465,661215.43
539,MAA-DEL,MAA,DEL,2024-07-01,722,A350,159,91,579306,526474.75
540,BOM-DEL,BOM,DEL,2024-09-25,418,A320,204,64,379456,310089.24
541,MAA-DEL,MAA,DEL,2024-11-18,657,A350,159,68,760444,689962.22
542,HYD-BOM,HYD,BOM,2024-07-01,556,B737,141,74,806674,766207.02
543,BOM-DEL,BOM,DEL,2024-02-10,397,A320,148,80,630480,406752.31
544,BOM-DEL,BOM,DEL,2024-12-23,257,B737,285,103,544664,341088.4
545,BLR-HYD,BLR,HYD,2024-05-22,128,B737,285,103,573916,496459.69
546,BLR-HYD,BLR,HYD,2024-04-30,457,A321,259,187,1515448,1143160.63
547,BOM-SIN,BOM,SIN,2024-04-18,665,A321,215,146,1253410,1175344.55
548,BOM-DEL,BOM,DEL,2024-12-18,500,A320,216,77,533456,340783.83
549,BOM-DEL,BOM,DEL,2024-02-16,767,B737,193,153,1534131,1258396.42
550,BOM-DXB,BOM,DXB,2024-09-23,866,A350,220,79,606641,666206.8
551,HYD-BOM,HYD,BOM,2024-08-22,711,B737,296,130,1324440,941689.97
552,BOM-DEL,BOM,DEL,2024-06-01,278,B737,245,219,2439222,2559923.12
553,DEL-BLR,DEL,BLR,2024-10-11,858,A321,226,142,952536,717760.53
554,BOM-DXB,BOM,DXB,2024-08-17,124,A350,218,146,1043462,927168.84
555,DEL-JFK,DEL,JFK,2024-11-20,292,A321,199,89,829302,847521.64
556,HYD-BOM,HYD,BOM,2024-03-08,555,A321,243,226,2674710,2482673.78
557,DEL-BLR,DEL,BLR,2024-04-13,463,B737,190,149,1213903,732617.17
558,BOM-DEL,BOM,DEL,2024-08-15,852,B737,241,94,426854,426052.75
559,BOM-DXB,BOM,DXB,2024-10-23,422,A320,261,144,624096,677064.27
560,BLR-HYD,BLR,HYD,2024-08-08,880,B787,269,206,1801676,1446426.5
561,BLR-HYD,BLR,HYD,2024-08-21,180,A320,228,187,1013914,850177.53
562,DEL-BLR,DEL,BLR,2024-04-26,252,A320,126,72,713232,754042.15
563,DEL-JFK,DEL,JFK,2024-10-21,347,A321,289,145,965120,958505.12
564,DEL-LHR,DEL,LHR,2024-06-15,681,B787,242,65,287040,244463.3
565,DEL-JFK,DEL,JFK,2024-01-05,880,A321,228,218,1675984,1266035.39
566,BOM-DXB,BOM,DXB,2024-01-07,577,B737,252,126,842184,565767.53
567,MAA-DEL,MAA,DEL,2024-03-01,776,A321,135,104,602888,547336.96
568,HYD-BOM,HYD,BOM,2024-03-10,679,A321,255,245,1340395,972411.27
569,BOM-SIN,BOM,SIN,2024-09-19,844,A350,232,203,1480073,1164180.97
570,DEL-JFK,DEL,JFK,2024-08-14,686,B787,168,130,1152320,1006276.56
571,DEL-BLR,DEL,BLR,2024-09-21,754,B787,253,94,623784,638415.64
572,HYD-BOM,HYD,BOM,2024-02-28,398,B787,193,155,1441345,1504011.04
573,DEL-LHR,DEL,LHR,2024-02-06,550,B787,151,70,613270,470858.55
574,DEL-JFK,DEL,JFK,2024-07-20,601,B737,184,77,483406,428627.51
575,BLR-SIN,BLR,SIN,2024-12-25,215,B787,289,147,895965,749425.6
576,DEL-JFK,DEL,JFK,2024-04-23,107,B737,242,123,765060,786823.42
577,HYD-BOM,HYD,BOM,2024-01-09,762,A350,168,144,893952,639074.23
578,DEL-JFK,DEL,JFK,2024-11-20,140,A321,240,81,376002,259843.41
579,DEL-LHR,DEL,LHR,2024-08-16,846,B787,291,202,1572974,1730023.12
580,DEL-BLR,DEL,BLR,2024-03-09,228,B737,123,114,858078,781675.72
581,HYD-BOM,HYD,BOM,2024-11-07,385,B737,146,85,596530,386709.67
582,DEL-LHR,DEL,LHR,2024-06-03,569,A350,183,133,777917,738886.81
583,BOM-SIN,BOM,SIN,2024-11-01,197,A320,148,148,1772448,1221572.85
584,BOM-DEL,BOM,DEL,2024-08-14,828,B787,293,264,2393952,1746122.16
585,MAA-DEL,MAA,DEL,2024-05-01,307,A321,174,123,1096053,955096.42
586,BLR-HYD,BLR,HYD,2024-06-01,342,A320,120,120,864840,732717.89
587,BOM-DEL,BOM,DEL,2024-01-05,385,A320,251,87,951345,735812.66
588,DEL-LHR,DEL,LHR,2024-07-17,674,A321,294,78,415818,271013.85
589,MAA-DEL,MAA,DEL,2024-01-24,101,B787,224,160,1238240,1145333.67
590,HYD-BOM,HYD,BOM,2024-07-23,417,B787,141,99,1074348,963673.47
591,MAA-DEL,MAA,DEL,2024-03-22,235,B787,270,109,553938,373975.23
592,BOM-DEL,BOM,DEL,2024-11-26,384,A350,132,119,1353625,961726.85
593,BOM-DEL,BOM,DEL,2024-04-16,231,A320,270,242,2799214,2625518.3
594,HYD-BOM,HYD,BOM,2024-05-15,463,B787,164,123,1041564,747224.68
595,HYD-BOM,HYD,BOM,2024-04-24,843,A321,208,105,1235115,1016634.88
596,BOM-DEL,BOM,DEL,2024-08-25,746,A350,121,90,901980,603709.51
597,DEL-LHR,DEL,LHR,2024-09-14,747,B737,153,117,834444,539137.32
598,BLR-SIN,BLR,SIN,2024-09-26,879,B737,286,136,1011296,1104867.82
599,DEL-LHR,DEL,LHR,2024-07-30,695,B787,245,220,1713580,1225448.33
600,MAA-DEL,MAA,DEL,2024-01-30,837,A321,120,105,908145,981182.8
601,DEL-LHR,DEL,LHR,2024-06-18,615,B787,242,200,1533200,1530321.18
602,BLR-HYD,BLR,HYD,2024-11-05,118,A350,157,64,309312,199626.8
603,DEL-LHR,DEL,LHR,2024-08-07,229,A320,170,164,1015980,762919.88
604,BLR-SIN,BLR,SIN,2024-05-06,855,B737,234,128,547840,518419.59
605,MAA-DEL,MAA,DEL,2024-08-28,293,B737,245,185,1839825,1242862.1
606,BOM-SIN,BOM,SIN,2024-11-28,297,A350,141,73,726058,541403.31
607,BOM-DXB,BOM,DXB,2024-11-04,804,B787,188,89,728732,599396.36
608,MAA-DEL,MAA,DEL,2024-06-26,691,B737,198,68,476068,407817.07
609,BOM-DEL,BOM,DEL,2024-07-24,786,B787,187,67,700753,438897.49
610,DEL-JFK,DEL,JFK,2024-06-29,411,B787,142,119,933793,1004168.19
611,BLR-HYD,BLR,HYD,2024-06-10,784,B787,147,106,507740,543531.17
612,BOM-SIN,BOM,SIN,2024-12-13,523,B737,228,120,606120,536823.16
613,DEL-JFK,DEL,JFK,2024-03-26,286,A350,224,165,1473120,1453491.7
614,HYD-BOM,HYD,BOM,2024-12-13,535,B787,280,264,1874400,1784480.71
615,DEL-BLR,DEL,BLR,2024-03-27,430,A350,236,173,948040,577795.33
616,BOM-DXB,BOM,DXB,2024-10-11,525,B787,267,177,1802568,1726364.19
617,BOM-DXB,BOM,DXB,2024-05-30,335,A350,180,82,598026,555144.57
618,BLR-HYD,BLR,HYD,2024-09-22,83,A321,248,209,2275801,1979275.42
619,BLR-HYD,BLR,HYD,2024-01-10,154,B737,275,156,1591512,1561281.22
620,HYD-BOM,HYD,BOM,2024-07-14,705,B737,133,61,438712,473860.26
621,BOM-DEL,BOM,DEL,2024-11-01,406,B787,133,98,593292,484292.02
622,BLR-HYD,BLR,HYD,2024-05-10,881,B787,228,185,1336995,1026991.84
623,MAA-DEL,MAA,DEL,2024-11-16,523,A350,133,118,1094332,984575.32
624,BLR-SIN,BLR,SIN,2024-08-31,311,B787,273,254,2797302,1927922.6
625,BLR-SIN,BLR,SIN,2024-11-08,453,B737,123,87,755856,597745.92
626,DEL-LHR,DEL,LHR,2024-05-20,868,A321,138,119,1379448,1336911.15
627,DEL-JFK,DEL,JFK,2024-12-15,129,B787,220,133,553280,586373.57
628,DEL-LHR,DEL,LHR,2024-07-17,516,A320,120,111,1031745,1079226.36
629,DEL-JFK,DEL,JFK,2024-08-29,481,A320,237,82,354568,268571.08
630,DEL-BLR,DEL,BLR,2024-01-25,622,A350,240,200,1376000,1438441.34
631,DEL-BLR,DEL,BLR,2024-05-17,467,A350,157,108,688608,738801.31
632,HYD-BOM,HYD,BOM,2024-12-18,269,A320,147,126,1268442,1346681.25
633,BLR-SIN,BLR,SIN,2024-02-13,515,A350,192,174,1898688,1155998.0
634,HYD-BOM,HYD,BOM,2024-07-24,776,B787,136,70,795270,762904.96
635,DEL-LHR,DEL,LHR,2024-09-20,255,B787,187,71,343498,271625.14
636,BLR-HYD,BLR,HYD,2024-02-27,691,A321,134,60,417060,273413.16
637,BOM-DEL,BOM,DEL,2024-08-04,219,A321,129,61,603168,525362.63
638,BOM-DXB,BOM,DXB,2024-04-24,79,A320,135,107,470372,438212.11
639,BLR-SIN,BLR,SIN,2024-10-13,760,B737,152,130,1012310,1033467.14
640,BLR-SIN,BLR,SIN,2024-07-25,503,B737,167,115,1293520,1026551.8
641,BOM-DEL,BOM,DEL,2024-12-10,346,A350,284,264,2230800,1552083.23
642,HYD-BOM,HYD,BOM,2024-05-31,240,B787,215,112,1058624,838327.85
643,BLR-SIN,BLR,SIN,2024-04-20,92,A350,276,86,703824,612352.0
644,BLR-SIN,BLR,SIN,2024-06-10,848,B737,140,84,807240,689208.64
645,DEL-BLR,DEL,BLR,2024-02-27,166,A321,165,131,946082,789790.09
646,BOM-DEL,BOM,DEL,2024-09-26,616,A320,149,149,874481,528800.72
647,BOM-SIN,BOM,SIN,2024-04-04,315,B787,217,77,758373,684175.94
648,MAA-DEL,MAA,DEL,2024-12-01,389,A320,213,67,566820,546639.26
649,BLR-HYD,BLR,HYD,2024-03-13,225,B737,182,173,1384173,1383221.33
650,BLR-SIN,BLR,SIN,2024-06-04,886,A320,214,82,578346,474857.25
651,BOM-DXB,BOM,DXB,2024-10-16,725,B737,213,170,730830,481348.4
652,BLR-HYD,BLR,HYD,2024-07-09,889,A320,139,139,1503702,1126539.09
653,HYD-BOM,HYD,BOM,2024-06-20,501,A321,221,103,495430,455845.79
654,BOM-DEL,BOM,DEL,2024-12-24,217,B787,128,103,480907,358483.42
655,BOM-SIN,BOM,SIN,2024-05-31,823,A321,265,248,1665568,1445849.42
656,MAA-DEL,MAA,DEL,2024-06-30,334,A321,122,79,723245,522622.33
657,BLR-SIN,BLR,SIN,2024-08-27,538,A350,234,91,736463,762174.62
658,MAA-DEL,MAA,DEL,2024-03-08,730,B787,158,152,1398400,1421081.91
659,BLR-SIN,BLR,SIN,2024-12-15,827,A321,288,282,1442994,1403303.09
660,BLR-HYD,BLR,HYD,2024-10-25,77,A320,160,157,951420,968949.92
661,BLR-SIN,BLR,SIN,2024-12-01,185,B737,250,214,2260268,1810236.33
662,BLR-SIN,BLR,SIN,2024-10-21,266,B787,176,141,1079214,1182107.83
663,DEL-BLR,DEL,BLR,2024-11-09,440,A320,140,122,1174372,1214440.39
664,BOM-SIN,BOM,SIN,2024-01-14,681,B737,240,180,1724400,1775634.43
665,BOM-DEL,BOM,DEL,2024-02-04,874,A321,153,77,748671,708995.39
666,BLR-SIN,BLR,SIN,2024-06-11,186,A321,254,65,727545,739810.65
667,BLR-SIN,BLR,SIN,2024-07-28,530,A321,294,201,2373810,2508814.57
668,BOM-DXB,BOM,DXB,2024-08-06,691,B787,238,168,775152,573257.24
669,BOM-DXB,BOM,DXB,2024-04-13,671,A350,159,109,871455,857557.72
670,DEL-JFK,DEL,JFK,2024-12-19,189,B737,209,195,882375,530403.34
671,DEL-JFK,DEL,JFK,2024-11-02,120,A350,179,147,717507,591737.51
672,BLR-HYD,BLR,HYD,2024-07-15,122,B787,120,100,944300,718990.58
673,BLR-SIN,BLR,SIN,2024-05-21,299,A321,123,90,933840,584470.97
674,BOM-DEL,BOM,DEL,2024-01-02,252,B737,188,102,542028,416170.28
675,BOM-DEL,BOM,DEL,2024-07-24,144,A320,225,209,1479929,1476908.59
676,BOM-DXB,BOM,DXB,2024-09-05,754,A320,223,102,552330,373261.24
677,DEL-LHR,DEL,LHR,2024-11-09,898,B737,272,229,1496286,1219817.66
678,MAA-DEL,MAA,DEL,2024-06-02,340,A320,229,226,1428094,1153654.29
679,BLR-SIN,BLR,SIN,2024-02-05,414,B787,149,96,843936,673327.27
680,DEL-JFK,DEL,JFK,2024-05-03,339,A350,145,104,1222728,935078.45
681,HYD-BOM,HYD,BOM,2024-07-15,754,B787,259,166,1296294,1114763.48
682,BLR-HYD,BLR,HYD,2024-01-04,341,A350,197,95,1064285,919492.81
683,MAA-DEL,MAA,DEL,2024-02-19,364,B737,168,63,653373,502259.48
684,BLR-HYD,BLR,HYD,2024-05-01,797,B787,202,90,648090,622542.01
685,BLR-HYD,BLR,HYD,2024-09-16,586,A350,276,103,780431,690192.14
686,DEL-LHR,DEL,LHR,2024-05-27,885,B737,128,125,1139250,1070369.67
687,DEL-JFK,DEL,JFK,2024-02-29,720,B787,138,100,564000,349080.77
688,BLR-SIN,BLR,SIN,2024-08-13,569,A321,275,208,855088,646309.62
689,BLR-HYD,BLR,HYD,2024-04-12,458,A321,220,154,928620,968551.43
690,DEL-JFK,DEL,JFK,2024-11-19,684,B787,120,70,594580,404019.92
691,BLR-SIN,BLR,SIN,2024-04-05,163,A321,229,129,971499,709865.54
692,BLR-HYD,BLR,HYD,2024-02-08,835,B737,264,65,559520,545655.99
693,DEL-LHR,DEL,LHR,2024-03-07,399,A320,244,87,352089,312897.94
694,HYD-BOM,HYD,BOM,2024-08-19,539,A350,219,197,1456027,1601375.76
695,BLR-HYD,BLR,HYD,2024-12-01,297,B737,213,92,1019912,951117.53
696,HYD-BOM,HYD,BOM,2024-03-02,700,B787,262,136,673744,419671.28
697,BOM-DEL,BOM,DEL,2024-07-28,71,B787,157,99,416592,393594.59
698,DEL-BLR,DEL,BLR,2024-02-28,205,A350,283,148,1592776,1632083.43
699,BOM-DXB,BOM,DXB,2024-07-15,181,A320,297,140,1382640,1358037.3
700,DEL-BLR,DEL,BLR,2024-05-11,186,A321,226,96,1061376,939972.06
701,DEL-JFK,DEL,JFK,2024-09-06,721,A350,193,166,1530852,1082886.28
702,DEL-JFK,DEL,JFK,2024-05-18,624,A320,222,77,848078,864297.66
703,BOM-SIN,BOM,SIN,2024-04-06,114,B787,269,189,1889433,1621682.01
704,MAA-DEL,MAA,DEL,2024-12-06,638,B737,209,105,1228290,823856.75
705,BLR-SIN,BLR,SIN,2024-05-02,376,B787,191,116,956420,919346.68
706,DEL-BLR,DEL,BLR,2024-03-06,370,B787,253,103,1153909,867675.16
707,HYD-BOM,HYD,BOM,2024-10-26,778,B787,192,128,1351552,1147432.84
708,HYD-BOM,HYD,BOM,2024-02-04,267,A320,162,118,740214,673819.23
709,HYD-BOM,HYD,BOM,2024-12-15,362,A321,214,178,1977580,1546477.28
710,BOM-DXB,BOM,DXB,2024-12-16,480,A321,292,249,2561463,1919076.43
711,BLR-HYD,BLR,HYD,2024-09-23,166,A350,239,76,389652,255237.13
712,BOM-DEL,BOM,DEL,2024-09-17,262,B787,157,136,1604664,1253089.56
713,BLR-HYD,BLR,HYD,2024-07-27,422,B737,147,119,515865,348321.89
714,HYD-BOM,HYD,BOM,2024-01-15,166,A321,280,66,677688,740449.57
715,BOM-DEL,BOM,DEL,2024-05-16,885,A321,219,67,354966,284598.42
716,BOM-SIN,BOM,SIN,2024-10-20,82,A321,144,64,593088,387689.44
717,DEL-JFK,DEL,JFK,2024-09-04,493,A350,123,63,487053,344071.68
718,BLR-SIN,BLR,SIN,2024-12-27,809,A321,146,68,763776,569165.98
719,BOM-DEL,BOM,DEL,2024-10-12,548,A321,284,127,722376,518285.37
720,BOM-DXB,BOM,DXB,2024-09-12,641,A321,252,158,1200168,1238534.1
721,BOM-SIN,BOM,SIN,2024-08-13,146,B737,191,122,824354,891939.48
722,DEL-LHR,DEL,LHR,2024-01-04,596,A350,215,197,1374075,1080061.79
723,BOM-DEL,BOM,DEL,2024-07-07,430,A321,159,107,666931,663859.76
724,BLR-SIN,BLR,SIN,2024-11-16,187,B737,197,81,406296,401619.54
725,BLR-SIN,BLR,SIN,2024-12-30,386,A350,184,77,466928,421928.44
726,DEL-BLR,DEL,BLR,2024-01-05,418,A350,208,175,881125,705809.35
727,BOM-DEL,BOM,DEL,2024-01-21,639,B737,193,143,604747,364981.49
728,BLR-SIN,BLR,SIN,2024-02-09,87,A350,146,93,874665,747360.75
729,BLR-SIN,BLR,SIN,2024-10-26,430,A321,216,64,574080,554358.6
730,BLR-SIN,BLR,SIN,2024-01-24,633,A320,195,120,661320,422302.0
731,BLR-HYD,BLR,HYD,2024-03-13,687,B787,193,78,488046,382405.43
732,BLR-HYD,BLR,HYD,2024-07-21,320,A321,126,102,917286,984862.26
733,DEL-BLR,DEL,BLR,2024-02-27,627,B787,299,283,2151366,1671782.46
734,BOM-DEL,BOM,DEL,2024-04-13,735,A321,183,144,921600,841716.49
735,BOM-DEL,BOM,DEL,2024-05-20,867,B787,153,62,644242,692992.85
736,BOM-SIN,BOM,SIN,2024-06-25,792,A320,185,160,712800,643042.24
737,BLR-SIN,BLR,SIN,2024-06-08,764,A350,280,116,661896,599566.34
738,HYD-BOM,HYD,BOM,2024-05-15,252,B787,206,173,1418946,1007037.78
739,DEL-BLR,DEL,BLR,2024-10-03,896,A320,203,190,1198900,886222.4
740,BOM-SIN,BOM,SIN,2024-06-25,549,B787,181,154,1292830,1394414.16
741,DEL-BLR,DEL,BLR,2024-09-24,102,A350,257,188,2078904,1537872.48
742,DEL-LHR,DEL,LHR,2024-09-10,382,B737,290,85,777325,638660.16
743,MAA-DEL,MAA,DEL,2024-01-06,458,A321,267,258,1787424,1857101.75
744,BOM-SIN,BOM,SIN,2024-01-15,221,A320,175,124,702832,527563.96
745,BOM-DXB,BOM,DXB,2024-11-24,402,A321,157,155,764305,618192.48
746,DEL-JFK,DEL,JFK,2024-03-23,250,B737,217,87,939861,786215.61
747,BOM-DXB,BOM,DXB,2024-02-09,805,B787,299,252,1874628,1995864.68
748,BLR-HYD,BLR,HYD,2024-11-26,805,A350,171,82,711514,748884.21
749,MAA-DEL,MAA,DEL,2024-08-12,717,A320,268,68,621316,409906.24
750,BLR-SIN,BLR,SIN,2024-04-24,129,A321,178,136,1366392,1029312.91
751,BOM-DXB,BOM,DXB,2024-02-13,253,A321,126,112,615328,467007.28
752,DEL-LHR,DEL,LHR,2024-08-11,383,B737,198,116,957696,812329.57
753,BOM-DEL,BOM,DEL,2024-06-15,635,A321,149,106,951880,609705.75
754,BOM-SIN,BOM,SIN,2024-03-07,196,A320,246,195,1120080,1210755.71
755,HYD-BOM,HYD,BOM,2024-06-18,364,B787,216,80,587920,569505.34
756,BLR-HYD,BLR,HYD,2024-08-25,300,A350,298,283,1733092,1556997.69
757,BLR-SIN,BLR,SIN,2024-06-30,152,B737,144,81,379728,314192.53
758,DEL-LHR,DEL,LHR,2024-08-18,834,B737,209,79,526456,410048.01
759,MAA-DEL,MAA,DEL,2024-02-09,176,A320,155,120,1272720,1130059.79
760,BOM-SIN,BOM,SIN,2024-07-11,437,A350,213,168,1460256,1577768.7
761,DEL-BLR,DEL,BLR,2024-05-13,589,B737,195,142,780574,609636.99
762,DEL-LHR,DEL,LHR,2024-08-20,738,A320,276,184,2068712,1699415.21
763,DEL-LHR,DEL,LHR,2024-09-21,208,A350,243,118,810896,691615.45
764,BLR-HYD,BLR,HYD,2024-01-01,735,B787,257,244,1343952,1287680.57
765,BLR-SIN,BLR,SIN,2024-10-24,224,A350,186,123,1256322,1180790.19
766,BOM-DEL,BOM,DEL,2024-03-31,88,B787,173,68,330752,326248.4
767,HYD-BOM,HYD,BOM,2024-05-19,576,A321,260,143,896181,595048.73
768,HYD-BOM,HYD,BOM,2024-05-08,96,B737,222,65,763555,750246.08
769,HYD-BOM,HYD,BOM,2024-03-19,147,B737,283,85,844220,767947.67
770,BOM-SIN,BOM,SIN,2024-01-13,586,A320,293,212,2361680,2343029.69
771,BLR-HYD,BLR,HYD,2024-07-24,732,A350,270,153,1506744,1065010.25
772,HYD-BOM,HYD,BOM,2024-04-07,202,A321,286,190,1898860,1284245.44
773,HYD-BOM,HYD,BOM,2024-11-13,153,B787,277,248,1888024,1162508.66
774,BOM-DXB,BOM,DXB,2024-07-18,60,A350,157,131,565920,560729.3
775,BLR-HYD,BLR,HYD,2024-01-05,106,A321,160,122,1031388,619921.79
776,HYD-BOM,HYD,BOM,2024-07-06,295,A350,141,107,1065399,895623.3
777,BOM-SIN,BOM,SIN,2024-08-01,601,A321,244,221,1214395,1156558.79
778,HYD-BOM,HYD,BOM,2024-08-03,624,B737,298,264,2667456,2788158.82
779,MAA-DEL,MAA,DEL,2024-03-21,75,B737,273,219,1879458,1133523.71
780,DEL-BLR,DEL,BLR,2024-05-22,495,A350,265,69,418071,311096.77
781,DEL-BLR,DEL,BLR,2024-03-18,719,B737,143,70,570570,391807.53
782,HYD-BOM,HYD,BOM,2024-09-13,555,A321,140,81,819072,710379.08
783,HYD-BOM,HYD,BOM,2024-02-10,469,A321,217,200,1387200,1430332.66
784,DEL-BLR,DEL,BLR,2024-01-05,733,B737,213,135,724140,615841.27
785,MAA-DEL,MAA,DEL,2024-04-19,885,A350,286,177,1379007,1236469.59
786,BOM-DEL,BOM,DEL,2024-02-12,404,A321,126,66,707652,667520.83
787,DEL-JFK,DEL,JFK,2024-11-20,726,A321,152,132,1323432,1039229.8
788,DEL-LHR,DEL,LHR,2024-07-03,775,A320,188,79,522032,407566.63
789,DEL-LHR,DEL,LHR,2024-03-09,555,A321,297,267,1437528,1174876.01
790,BLR-HYD,BLR,HYD,2024-02-25,833,B787,152,121,1296999,1339261.31
791,BLR-SIN,BLR,SIN,2024-10-10,622,A350,270,232,1353952,882212.79
792,BOM-DEL,BOM,DEL,2024-01-03,161,B787,248,105,958020,820849.79
793,MAA-DEL,MAA,DEL,2024-09-28,249,A321,289,152,877648,934702.65
794,BLR-HYD,BLR,HYD,2024-01-14,400,A320,210,155,1373145,898645.3
795,DEL-LHR,DEL,LHR,2024-02-04,246,B737,286,267,1871403,1607322.7
796,BLR-HYD,BLR,HYD,2024-07-13,300,A321,263,82,649194,521520.82
797,HYD-BOM,HYD,BOM,2024-03-01,149,A320,170,73,788765,543782.84
798,BLR-SIN,BLR,SIN,2024-06-02,436,B787,170,95,829160,832770.46
799,MAA-DEL,MAA,DEL,2024-02-19,402,A350,259,246,2406372,1696429.72
800,BLR-HYD,BLR,HYD,2024-09-20,488,A350,149,142,885512,932504.46
801,BOM-DXB,BOM,DXB,2024-11-15,776,B787,155,138,1212330,1163978.64
802,DEL-BLR,DEL,BLR,2024-03-30,93,B787,177,113,1146385,721561.26
803,BOM-DXB,BOM,DXB,2024-08-31,271,B737,235,178,1291568,1315418.88
804,DEL-JFK,DEL,JFK,2024-05-09,173,A321,170,151,1472854,1285625.0
805,DEL-LHR,DEL,LHR,2024-06-14,782,A321,283,151,900715,631048.13
806,BLR-SIN,BLR,SIN,2024-01-31,589,A350,263,262,2431884,1543942.5
807,HYD-BOM,HYD,BOM,2024-08-01,82,A320,128,62,338768,309457.22
808,BOM-DXB,BOM,DXB,2024-06-20,367,A320,225,86,603548,456640.28
809,DEL-BLR,DEL,BLR,2024-04-04,775,B737,236,190,854050,743776.28
810,MAA-DEL,MAA,DEL,2024-07-25,61,A350,128,74,784178,725884.77
811,MAA-DEL,MAA,DEL,2024-06-30,68,A320,167,167,1844181,1986829.11
812,BLR-HYD,BLR,HYD,2024-01-04,796,A350,129,76,339872,351155.12
813,DEL-BLR,DEL,BLR,2024-05-31,405,B737,271,118,1377296,1496291.8
814,DEL-LHR,DEL,LHR,2024-04-19,311,A350,147,108,620352,509445.92
815,DEL-LHR,DEL,LHR,2024-10-23,296,A320,238,141,1652661,1250347.27
816,BOM-DEL,BOM,DEL,2024-11-15,746,B787,284,183,1154913,1233479.75
817,BLR-HYD,BLR,HYD,2024-02-28,271,A321,290,156,1661712,1467844.12
818,BLR-HYD,BLR,HYD,2024-08-28,695,B737,235,122,685518,721645.81
819,HYD-BOM,HYD,BOM,2024-11-06,900,A321,126,71,312755,294878.74
820,MAA-DEL,MAA,DEL,2024-05-17,207,B737,188,146,596848,505583.06
821,BLR-HYD,BLR,HYD,2024-07-04,515,A350,157,106,936722,623098.4
822,BLR-HYD,BLR,HYD,2024-09-13,514,A350,179,164,1716916,1702201.99
823,BOM-SIN,BOM,SIN,2024-11-14,830,A320,298,140,1228780,998067.71
824,BLR-HYD,BLR,HYD,2024-08-01,436,B737,297,89,555538,371002.63
825,DEL-LHR,DEL,LHR,2024-04-06,322,A350,182,76,549252,355618.19
826,BLR-SIN,BLR,SIN,2024-09-14,513,A321,269,182,1850212,1361435.98
827,DEL-LHR,DEL,LHR,2024-09-03,824,B787,155,83,843031,560032.22
828,BOM-DXB,BOM,DXB,2024-09-26,861,A321,134,102,858738,911917.12
829,DEL-LHR,DEL,LHR,2024-08-30,615,B737,197,148,801568,729129.26
830,BOM-DEL,BOM,DEL,2024-09-25,490,A321,125,107,538531,355455.32
831,DEL-BLR,DEL,BLR,2024-04-25,720,A321,234,224,1260224,969519.83
832,BOM-DXB,BOM,DXB,2024-08-01,186,B787,211,171,1024461,1023588.44
833,BOM-DXB,BOM,DXB,2024-11-23,893,B787,145,139,1050840,699486.86
834,BOM-DEL,BOM,DEL,2024-02-11,848,B787,281,146,894980,603725.07
835,BOM-DXB,BOM,DXB,2024-09-14,363,B787,157,114,661542,421755.61
836,DEL-LHR,DEL,LHR,2024-07-25,652,A321,260,222,2336772,2369609.1
837,DEL-LHR,DEL,LHR,2024-04-02,129,B787,141,103,654256,704844.14
838,MAA-DEL,MAA,DEL,2024-05-04,535,B737,217,76,875672,811638.96
839,BLR-HYD,BLR,HYD,2024-10-23,369,A321,141,69,604854,516156.62
840,BOM-DEL,BOM,DEL,2024-02-08,395,A321,224,137,802546,603181.41
841,DEL-BLR,DEL,BLR,2024-09-18,839,A321,225,111,573870,369827.34
842,BLR-SIN,BLR,SIN,2024-03-29,639,B787,127,65,631670,643181.52
843,BLR-HYD,BLR,HYD,2024-04-04,289,B737,234,150,1041900,675694.1
844,DEL-JFK,DEL,JFK,2024-10-12,713,B737,248,127,945896,649985.38
845,DEL-JFK,DEL,JFK,2024-11-23,418,A320,280,71,584756,603873.74
846,BOM-SIN,BOM,SIN,2024-12-12,445,B737,291,210,2459940,1513383.58
847,BOM-DXB,BOM,DXB,2024-07-11,107,A321,121,112,481712,479945.08
848,DEL-JFK,DEL,JFK,2024-09-16,460,A350,203,149,1444108,1245565.71
849,DEL-JFK,DEL,JFK,2024-08-20,729,B787,161,79,886222,725274.66
850,BLR-HYD,BLR,HYD,2024-12-06,366,A350,278,152,1341248,981082.58
851,BLR-SIN,BLR,SIN,2024-02-26,320,B787,143,62,340194,297095.31
852,DEL-LHR,DEL,LHR,2024-09-06,270,B737,199,148,1351092,1217639.86
853,BLR-SIN,BLR,SIN,2024-04-29,561,A320,259,83,616690,580321.59
854,MAA-DEL,MAA,DEL,2024-06-01,794,B787,258,187,1500675,1630389.33
855,BLR-HYD,BLR,HYD,2024-02-07,758,B787,211,61,276208,218445.01
856,DEL-BLR,DEL,BLR,2024-06-11,226,B787,284,109,698145,495663.58
857,DEL-BLR,DEL,BLR,2024-05-24,468,B737,233,81,928584,1016238.0
858,BLR-HYD,BLR,HYD,2024-02-12,306,A321,135,104,635648,633693.77
859,BOM-SIN,BOM,SIN,2024-10-17,504,A350,248,158,1036796,1011635.52
860,BLR-HYD,BLR,HYD,2024-10-20,354,B737,136,104,813488,681039.33
861,DEL-BLR,DEL,BLR,2024-06-01,356,A320,141,66,735636,518663.55
862,BLR-SIN,BLR,SIN,2024-04-06,620,B737,171,163,1863253,1659636.14
863,BLR-SIN,BLR,SIN,2024-03-09,99,B737,169,69,395853,332504.67
864,BLR-SIN,BLR,SIN,2024-12-21,395,A320,288,234,2348892,2372982.76
865,HYD-BOM,HYD,BOM,2024-02-05,460,A321,232,107,608188,650635.93
866,BLR-SIN,BLR,SIN,2024-03-18,391,B787,246,134,1439830,1291381.14
867,MAA-DEL,MAA,DEL,2024-06-18,425,B787,226,172,1457528,1113884.03
868,BLR-HYD,BLR,HYD,2024-12-19,755,B787,153,69,384606,263934.96
869,MAA-DEL,MAA,DEL,2024-12-17,580,A350,124,94,480810,293718.4
870,MAA-DEL,MAA,DEL,2024-05-07,123,B737,147,120,1355040,1138712.74
871,BLR-SIN,BLR,SIN,2024-09-07,272,B737,221,183,981795,1027808.26
872,HYD-BOM,HYD,BOM,2024-05-31,384,A350,231,97,1123454,982313.38
873,BOM-DEL,BOM,DEL,2024-07-12,406,B787,160,107,1102421,683043.37
874,BLR-HYD,BLR,HYD,2024-06-17,459,B787,137,72,334080,285946.11
875,DEL-LHR,DEL,LHR,2024-06-25,460,A321,228,77,874027,644622.42
876,BOM-DEL,BOM,DEL,2024-07-14,562,A320,184,107,529650,554081.08
877,BOM-DEL,BOM,DEL,2024-06-15,679,B737,169,109,1213606,963154.73
878,BOM-DXB,BOM,DXB,2024-03-02,734,A321,154,63,704403,708777.33
879,DEL-BLR,DEL,BLR,2024-08-31,103,A321,213,97,1086012,1047787.68
880,BOM-DEL,BOM,DEL,2024-12-18,136,B787,140,82,916432,716317.93
881,HYD-BOM,HYD,BOM,2024-10-30,383,A321,296,74,686202,456736.62
882,BOM-DXB,BOM,DXB,2024-07-29,352,A350,245,97,679679,548418.25
883,DEL-BLR,DEL,BLR,2024-07-19,183,A320,291,167,1806940,1821964.03
884,BLR-SIN,BLR,SIN,2024-01-10,322,A321,162,75,793950,527637.34
885,HYD-BOM,HYD,BOM,2024-10-19,570,A350,254,168,1686216,1158968.18
886,BOM-SIN,BOM,SIN,2024-06-20,486,A320,290,107,518415,553935.6
887,DEL-BLR,DEL,BLR,2024-05-02,550,B737,279,68,666604,574163.77
888,DEL-BLR,DEL,BLR,2024-09-04,727,A350,187,182,1674582,1144345.34
889,BLR-SIN,BLR,SIN,2024-07-08,474,B737,201,112,822304,742639.51
890,BLR-SIN,BLR,SIN,2024-03-23,687,B787,134,97,434657,427789.51
891,MAA-DEL,MAA,DEL,2024-11-07,217,A321,191,173,1178822,1046759.37
892,BOM-DXB,BOM,DXB,2024-09-17,551,A320,167,154,1390466,1286593.13
893,BOM-SIN,BOM,SIN,2024-01-08,549,A350,267,226,2171182,1522315.45
894,MAA-DEL,MAA,DEL,2024-03-26,358,A350,273,106,1038164,969920.04
895,BOM-SIN,BOM,SIN,2024-05-04,524,B787,135,100,558900,353829.89
896,DEL-BLR,DEL,BLR,2024-04-21,222,B787,208,121,699985,576402.47
897,BOM-DEL,BOM,DEL,2024-04-02,744,A350,251,211,1838654,1828394.83
898,DEL-BLR,DEL,BLR,2024-08-30,764,A321,282,187,1790899,1080486.97
899,BOM-DEL,BOM,DEL,2024-08-27,314,B737,211,63,550746,548644.5
900,BLR-HYD,BLR,HYD,2024-06-02,112,B787,299,212,1896764,1296207.68
901,BOM-DXB,BOM,DXB,2024-08-18,422,A321,210,187,1947605,1736506.8
902,BOM-DXB,BOM,DXB,2024-01-24,240,A320,293,178,1645076,1189305.7
903,DEL-JFK,DEL,JFK,2024-04-02,213,A350,144,94,512206,404431.33
904,BOM-DXB,BOM,DXB,2024-03-07,131,A320,213,136,1387608,957506.15
905,DEL-LHR,DEL,LHR,2024-04-05,586,B737,211,76,892316,857786.34
906,BOM-SIN,BOM,SIN,2024-06-29,112,A320,232,64,689728,580372.8
907,DEL-BLR,DEL,BLR,2024-03-25,478,A321,286,274,2013626,1713414.18
908,DEL-BLR,DEL,BLR,2024-11-20,569,A350,255,143,1428713,1543724.09
909,HYD-BOM,HYD,BOM,2024-01-26,328,A321,152,110,821370,741099.97
910,BOM-SIN,BOM,SIN,2024-03-06,660,A320,292,268,2500976,1892356.03
911,BOM-SIN,BOM,SIN,2024-05-27,132,A321,199,166,1248320,1201669.24
912,BOM-DEL,BOM,DEL,2024-08-15,184,A350,120,62,517886,464637.67
913,BOM-DXB,BOM,DXB,2024-05-31,861,A350,169,106,1080882,738374.9
914,BOM-DEL,BOM,DEL,2024-01-11,873,B737,173,165,913275,835778.63
915,BOM-DXB,BOM,DXB,2024-11-09,170,A321,290,89,771897,535279.58
916,HYD-BOM,HYD,BOM,2024-08-04,356,A350,262,76,841852,646614.94
917,DEL-BLR,DEL,BLR,2024-01-05,714,B787,237,220,1627340,1662705.79
918,BOM-SIN,BOM,SIN,2024-08-21,100,A320,131,109,659886,516521.59
919,DEL-BLR,DEL,BLR,2024-07-19,183,B737,266,126,1436904,1028236.33
920,HYD-BOM,HYD,BOM,2024-08-26,724,A321,201,151,1578101,1067559.6
921,BOM-DEL,BOM,DEL,2024-09-27,770,A350,139,133,603820,634697.1
922,DEL-JFK,DEL,JFK,2024-02-18,240,B787,290,104,944944,573755.2
923,DEL-LHR,DEL,LHR,2024-06-14,110,B787,260,200,972000,718461.87
924,BOM-SIN,BOM,SIN,2024-06-17,852,A320,173,61,519842,568235.0
925,DEL-LHR,DEL,LHR,2024-11-09,315,A320,123,70,598430,558511.21
926,DEL-BLR,DEL,BLR,2024-10-02,414,A321,267,158,848302,738205.93
927,DEL-LHR,DEL,LHR,2024-10-04,716,A320,240,68,534752,424058.51
928,BOM-SIN,BOM,SIN,2024-02-24,175,A321,255,79,743232,517325.34
929,DEL-JFK,DEL,JFK,2024-02-05,147,A320,145,108,1140156,1045475.07
930,HYD-BOM,HYD,BOM,2024-07-02,460,A320,142,76,316388,333309.71
931,BOM-DEL,BOM,DEL,2024-10-26,497,B737,122,115,994175,1027967.18
932,DEL-BLR,DEL,BLR,2024-06-04,557,B737,295,192,1433280,1131068.16
933,DEL-LHR,DEL,LHR,2024-03-08,408,A350,266,191,1175223,1228547.02
934,BOM-DXB,BOM,DXB,2024-06-07,250,A350,296,238,2752946,2141023.8
935,DEL-JFK,DEL,JFK,2024-11-05,673,A320,160,90,570960,439196.37
936,DEL-JFK,DEL,JFK,2024-08-27,567,A320,294,232,1875256,1319095.44
937,BOM-DEL,BOM,DEL,2024-03-09,716,B737,159,66,586542,405661.5
938,DEL-LHR,DEL,LHR,2024-01-29,657,A320,286,70,794430,757056.2
939,HYD-BOM,HYD,BOM,2024-05-22,698,B737,207,132,1437876,1039322.65
940,DEL-BLR,DEL,BLR,2024-12-27,257,B737,273,97,551542,492107.75
941,BOM-DXB,BOM,DXB,2024-05-24,898,B787,180,126,520506,513623.47
942,HYD-BOM,HYD,BOM,2024-07-12,440,A350,255,78,384384,287214.25
943,BLR-SIN,BLR,SIN,2024-01-01,405,B787,258,148,784252,541632.48
944,DEL-JFK,DEL,JFK,2024-09-04,294,A320,204,122,1241106,841538.72
945,DEL-BLR,DEL,BLR,2024-03-16,625,A321,127,96,1073856,1076414.25
946,BLR-SIN,BLR,SIN,2024-10-11,592,A320,258,200,2195600,1961303.23
947,BOM-DXB,BOM,DXB,2024-07-06,120,B737,159,138,1354884,1440865.31
948,HYD-BOM,HYD,BOM,2024-12-16,198,A320,257,172,1038192,631952.63
949,DEL-LHR,DEL,LHR,2024-04-09,528,A320,148,70,494690,536252.71
950,DEL-BLR,DEL,BLR,2024-12-12,847,B787,171,143,679679,444791.24
951,BOM-DXB,BOM,DXB,2024-01-07,574,B787,235,146,882278,704536.26
952,BLR-SIN,BLR,SIN,2024-01-01,98,A350,271,128,1070336,725036.25
953,DEL-JFK,DEL,JFK,2024-12-23,503,A321,228,184,1939728,1274740.57
954,DEL-BLR,DEL,BLR,2024-01-07,351,A320,146,76,798988,546800.34
955,BLR-HYD,BLR,HYD,2024-05-29,525,B737,292,164,886584,918768.39
956,HYD-BOM,HYD,BOM,2024-03-01,331,A321,139,103,675165,712052.58
957,BLR-HYD,BLR,HYD,2024-01-30,94,B737,231,174,1654392,1766585.37
958,MAA-DEL,MAA,DEL,2024-04-09,686,A320,209,155,928295,817556.06
959,BOM-DXB,BOM,DXB,2024-03-14,363,A320,204,178,2000898,1634954.09
960,DEL-LHR,DEL,LHR,2024-07-07,560,B787,187,155,988745,837807.29
961,BLR-HYD,BLR,HYD,2024-03-20,766,B737,261,173,737672,445840.01
962,DEL-BLR,DEL,BLR,2024-08-16,472,A321,215,89,832239,659511.01
963,HYD-BOM,HYD,BOM,2024-04-08,757,A320,245,238,2746520,3004936.31
964,BOM-DXB,BOM,DXB,2024-05-31,145,A321,215,164,1890920,2069918.44
965,MAA-DEL,MAA,DEL,2024-06-13,565,A350,210,96,869760,935964.49
966,DEL-BLR,DEL,BLR,2024-10-19,435,A320,208,89,700163,664734.72
967,MAA-DEL,MAA,DEL,2024-10-28,306,B787,272,226,2242146,2030889.6
968,DEL-JFK,DEL,JFK,2024-12-31,228,A350,191,177,1118286,1105390.91
969,BOM-SIN,BOM,SIN,2024-04-24,854,A350,165,120,957480,590588.05
970,BLR-HYD,BLR,HYD,2024-12-10,448,A320,294,108,771768,753422.56
971,DEL-BLR,DEL,BLR,2024-04-16,569,A350,259,206,2101612,1855194.23
972,BOM-SIN,BOM,SIN,2024-08-08,609,A320,280,63,586530,478939.9
973,DEL-LHR,DEL,LHR,2024-11-07,271,A321,296,72,782928,502577.09
974,BOM-SIN,BOM,SIN,2024-02-25,156,A320,267,167,1614222,1487015.37
975,BLR-HYD,BLR,HYD,2024-12-21,362,A350,227,127,1272667,1320533.67
976,DEL-BLR,DEL,BLR,2024-05-07,753,B737,246,129,1499883,1521780.57
977,DEL-LHR,DEL,LHR,2024-03-05,734,A321,179,101,1196042,734765.79
978,BOM-SIN,BOM,SIN,2024-03-30,211,B737,230,202,2356734,2338912.58
979,BOM-DXB,BOM,DXB,2024-01-14,127,A321,147,92,707388,773142.48
980,BOM-DEL,BOM,DEL,2024-03-24,187,B737,184,80,599040,411157.35
981,DEL-LHR,DEL,LHR,2024-12-13,422,B787,187,104,960336,1031073.7
982,BOM-DEL,BOM,DEL,2024-11-09,679,B787,259,118,1278058,844797.17
983,BLR-HYD,BLR,HYD,2024-04-20,717,B787,165,156,668460,640473.11
984,BLR-SIN,BLR,SIN,2024-06-24,585,B737,265,225,1443825,1128703.46
985,BLR-HYD,BLR,HYD,2024-05-01,210,B787,126,89,943311,902845.75
986,DEL-LHR,DEL,LHR,2024-07-05,317,A350,194,173,1940368,1968420.0
987,DEL-JFK,DEL,JFK,2024-12-28,614,A320,297,157,892702,720315.21
988,DEL-BLR,DEL,BLR,2024-11-02,617,B737,211,66,680328,679932.29
989,BOM-DEL,BOM,DEL,2024-12-12,278,A321,146,140,1486240,1371675.03
990,BOM-DEL,BOM,DEL,2024-05-04,855,A350,147,64,338880,355160.55
991,MAA-DEL,MAA,DEL,2024-02-15,617,B787,183,61,673745,700015.17
992,MAA-DEL,MAA,DEL,2024-03-12,384,B787,142,123,906756,653749.63
993,BOM-DEL,BOM,DEL,2024-06-04,742,A320,268,226,1574090,1117290.87
994,DEL-JFK,DEL,JFK,2024-11-18,812,A350,277,255,1802850,1812344.53
995,BOM-DXB,BOM,DXB,2024-03-10,548,B737,172,111,500721,343435.61
996,DEL-LHR,DEL,LHR,2024-06-01,819,A350,133,76,522120,346679.01
997,BLR-SIN,BLR,SIN,2024-10-25,203,B787,159,123,825453,823059.1
998,BOM-SIN,BOM,SIN,2024-09-19,149,A350,295,221,1331525,1207041.77
999,BLR-HYD,BLR,HYD,2024-11-22,802,B787,219,63,255969,157817.63
1000,BOM-DEL,BOM,DEL,2024-04-20,272,B737,139,99,1154934,856333.9
1001,DEL-BLR,DEL,BLR,2024-03-13,97,B787,281,173,920879,924081.72
1002,BLR-SIN,BLR,SIN,2024-05-11,507,A321,281,235,2128395,2220984.0
1003,BLR-SIN,BLR,SIN,2024-11-10,238,B737,238,77,392007,397566.13
1004,DEL-JFK,DEL,JFK,2024-05-29,615,B737,272,116,469568,431443.32
1005,BOM-DXB,BOM,DXB,2024-06-14,547,B787,132,110,957110,871043.72
1006,BLR-SIN,BLR,SIN,2024-03-29,702,A321,300,261,1349109,1423866.02
1007,BLR-HYD,BLR,HYD,2024-12-29,885,B737,142,102,558450,554934.21
1008,BOM-DXB,BOM,DXB,2024-06-16,244,A321,253,163,1575884,1273062.43
1009,BLR-HYD,BLR,HYD,2024-02-25,805,A321,139,121,824494,701890.86
1010,BLR-HYD,BLR,HYD,2024-04-15,358,B787,196,139,1001078,875714.24
1011,BOM-SIN,BOM,SIN,2024-04-16,193,A350,211,169,1151228,1239235.93
1012,MAA-DEL,MAA,DEL,2024-08-06,136,A320,187,63,355320,375065.72
1013,BOM-SIN,BOM,SIN,2024-11-18,497,A320,290,243,2369250,1997468.89
1014,BOM-SIN,BOM,SIN,2024-01-21,302,A321,131,100,632600,529509.73
1015,BOM-DEL,BOM,DEL,2024-05-06,566,A320,127,111,1056609,895596.09
1016,DEL-LHR,DEL,LHR,2024-08-28,129,A321,271,215,1781060,1924090.72
1017,DEL-BLR,DEL,BLR,2024-06-16,464,B787,204,157,1740345,1218980.34
1018,DEL-LHR,DEL,LHR,2024-07-21,651,A350,197,157,1573768,1227604.11
1019,BLR-SIN,BLR,SIN,2024-05-05,548,A321,256,96,828096,816235.12
1020,BOM-DEL,BOM,DEL,2024-05-20,344,B787,210,111,663780,647567.25
1021,DEL-JFK,DEL,JFK,2024-05-26,444,B787,269,198,1885752,1872427.48
1022,DEL-JFK,DEL,JFK,2024-03-03,789,A321,245,170,1045160,896718.45
1023,BOM-SIN,BOM,SIN,2024-08-13,781,B787,177,133,1374289,845961.15
1024,DEL-LHR,DEL,LHR,2024-04-07,489,A320,277,104,658008,562752.27
1025,BOM-DXB,BOM,DXB,2024-11-22,857,B737,239,182,1050322,925092.89
1026,BOM-DXB,BOM,DXB,2024-09-05,740,A350,272,168,1767528,1230403.23
1027,DEL-JFK,DEL,JFK,2024-09-13,479,B787,228,205,1595105,1500051.56
1028,DEL-BLR,DEL,BLR,2024-01-16,742,A321,140,102,1021530,685748.22
1029,BLR-SIN,BLR,SIN,2024-09-05,569,B737,274,119,1209754,777781.43
1030,DEL-LHR,DEL,LHR,2024-03-08,468,A321,221,165,1604955,1421411.96
1031,DEL-JFK,DEL,JFK,2024-04-08,505,B737,254,158,1645254,1655498.44
1032,BOM-DEL,BOM,DEL,2024-09-03,710,A321,223,200,2077800,2183406.39
1033,DEL-LHR,DEL,LHR,2024-07-24,513,B787,182,162,830574,858466.3
1034,BOM-SIN,BOM,SIN,2024-05-18,850,A321,204,82,421890,403637.36
1035,DEL-BLR,DEL,BLR,2024-06-06,134,A350,143,77,309771,259431.76
1036,HYD-BOM,HYD,BOM,2024-12-22,376,A320,277,160,1375360,1229217.01
1037,DEL-JFK,DEL,JFK,2024-08-22,663,B737,256,178,910292,969713.02
1038,DEL-JFK,DEL,JFK,2024-07-06,437,B737,220,162,1553418,1322172.57
1039,BOM-DXB,BOM,DXB,2024-11-28,418,B787,256,184,1119824,1198498.27
1040,BLR-HYD,BLR,HYD,2024-06-25,162,A350,204,96,1147776,762529.39
1041,BOM-DXB,BOM,DXB,2024-05-07,847,A350,266,161,1159683,1164498.56
1042,BOM-DEL,BOM,DEL,2024-02-01,548,A321,174,60,645000,662455.47
1043,DEL-JFK,DEL,JFK,2024-08-20,850,A320,244,232,1889408,1820638.94
1044,BLR-SIN,BLR,SIN,2024-02-02,595,A350,250,192,1304448,1392926.15
1045,DEL-JFK,DEL,JFK,2024-08-01,585,B787,286,270,1405890,1323039.92
1046,BLR-SIN,BLR,SIN,2024-04-05,259,A350,291,238,1579844,950820.0
1047,BOM-SIN,BOM,SIN,2024-10-24,887,A320,218,186,922002,590557.87
1048,MAA-DEL,MAA,DEL,2024-04-16,620,B787,132,81,337932,282675.34
1049,BLR-HYD,BLR,HYD,2024-01-24,180,B737,211,96,530880,399065.13
1050,DEL-JFK,DEL,JFK,2024-08-30,877,A321,136,90,360630,388078.0
1051,BOM-SIN,BOM,SIN,2024-11-11,134,B787,250,146,1181140,1118437.01
1052,BOM-DEL,BOM,DEL,2024-08-08,668,A350,140,127,1001141,821354.83
1053,BLR-SIN,BLR,SIN,2024-12-31,400,B737,137,119,520387,511783.77
1054,MAA-DEL,MAA,DEL,2024-03-04,492,A320,165,122,1139602,720989.47
1055,DEL-LHR,DEL,LHR,2024-05-16,308,B787,230,133,909720,976892.69
1056,DEL-LHR,DEL,LHR,2024-02-26,331,B787,226,218,2143594,2319806.51
1057,DEL-JFK,DEL,JFK,2024-05-19,397,A320,298,114,1293558,1393938.96
1058,DEL-BLR,DEL,BLR,2024-07-30,668,A321,149,91,653380,501931.99
1059,BLR-SIN,BLR,SIN,2024-05-28,624,A320,188,64,564992,491855.28
1060,DEL-JFK,DEL,JFK,2024-12-22,525,B787,299,112,621040,421428.19
1061,BOM-SIN,BOM,SIN,2024-01-24,691,B737,228,181,1988466,2073735.68
1062,DEL-BLR,DEL,BLR,2024-06-30,535,B787,209,70,737380,661953.67
1063,DEL-BLR,DEL,BLR,2024-08-01,86,B787,229,221,2350998,2449911.73
1064,BOM-DXB,BOM,DXB,2024-04-20,631,A321,268,220,2079000,1964137.66
1065,BOM-DXB,BOM,DXB,2024-03-16,438,A321,205,113,1143447,981259.07
1066,BOM-SIN,BOM,SIN,2024-08-17,121,A320,264,122,494832,440160.85
1067,BOM-SIN,BOM,SIN,2024-07-03,547,B787,149,145,1473490,1016658.64
1068,DEL-BLR,DEL,BLR,2024-10-22,338,B737,218,142,1280698,1028103.37
1069,DEL-BLR,DEL,BLR,2024-04-13,812,A350,197,170,2036600,2039584.82
1070,HYD-BOM,HYD,BOM,2024-06-24,470,A320,293,135,805275,512121.79
1071,BLR-HYD,BLR,HYD,2024-12-13,897,A350,297,127,1059053,838972.09
1072,BLR-SIN,BLR,SIN,2024-03-29,694,A350,253,223,1350042,1254531.95
1073,BOM-DEL,BOM,DEL,2024-11-27,373,A350,202,196,1549968,1303615.15
1074,DEL-JFK,DEL,JFK,2024-10-18,661,A350,273,136,889712,862370.24
1075,BLR-HYD,BLR,HYD,2024-02-24,441,A321,206,149,1261285,1158146.91
1076,BOM-DEL,BOM,DEL,2024-07-06,222,B737,269,266,2050062,2244274.2
1077,DEL-BLR,DEL,BLR,2024-03-08,347,A320,278,233,1766140,1878645.65
1078,BLR-SIN,BLR,SIN,2024-12-09,849,B737,291,202,1672964,1306043.6
1079,DEL-LHR,DEL,LHR,2024-08-06,601,A321,249,88,593120,567297.71
1080,HYD-BOM,HYD,BOM,2024-04-19,797,A320,221,82,862886,789778.37
1081,HYD-BOM,HYD,BOM,2024-02-05,522,A321,250,148,1563176,1080289.63
1082,HYD-BOM,HYD,BOM,2024-05-05,388,B787,248,172,1442736,934969.16
1083,BLR-SIN,BLR,SIN,2024-07-13,607,A321,130,62,595820,562536.59
1084,HYD-BOM,HYD,BOM,2024-06-24,825,A321,285,246,1963326,1575478.47
1085,MAA-DEL,MAA,DEL,2024-07-03,252,A350,275,254,1416304,1028260.03
1086,DEL-JFK,DEL,JFK,2024-10-08,894,B787,249,66,299772,299627.81
1087,DEL-JFK,DEL,JFK,2024-07-27,739,A321,233,171,875691,911798.6
1088,BOM-SIN,BOM,SIN,2024-05-08,808,A350,175,132,1411212,848379.36
1089,BOM-DEL,BOM,DEL,2024-12-18,105,A350,163,98,454916,399033.0
1090,DEL-BLR,DEL,BLR,2024-09-19,454,B787,221,144,789264,723555.67
1091,MAA-DEL,MAA,DEL,2024-06-05,613,A321,298,98,637000,469359.62
1092,BOM-DXB,BOM,DXB,2024-10-09,517,A320,217,128,748160,748687.57
1093,DEL-BLR,DEL,BLR,2024-02-10,101,B737,229,97,730701,642691.19
1094,DEL-BLR,DEL,BLR,2024-12-10,826,A321,234,181,1461032,1280745.55
1095,BLR-SIN,BLR,SIN,2024-12-07,438,A320,208,67,724605,696673.34
1096,HYD-BOM,HYD,BOM,2024-10-23,667,A321,168,91,811356,567648.53
1097,DEL-JFK,DEL,JFK,2024-10-29,304,A350,125,85,928285,725889.44
1098,HYD-BOM,HYD,BOM,2024-06-19,164,A350,178,67,746648,573041.72
1099,DEL-JFK,DEL,JFK,2024-02-16,498,A350,148,139,1132711,1023861.9
1100,DEL-BLR,DEL,BLR,2024-01-14,785,A320,174,171,1894680,1943705.41
1101,BLR-SIN,BLR,SIN,2024-11-13,423,A321,280,127,1219200,759453.75
1102,BOM-DXB,BOM,DXB,2024-06-13,712,B737,173,111,764457,570768.85
1103,MAA-DEL,MAA,DEL,2024-08-03,769,B737,168,72,806904,760755.66
1104,BLR-HYD,BLR,HYD,2024-04-08,741,B787,192,158,1019574,864915.3
1105,BLR-HYD,BLR,HYD,2024-02-29,115,B787,189,109,707192,693545.5
1106,BLR-SIN,BLR,SIN,2024-11-29,174,A350,298,258,1465698,994580.26
1107,BOM-DEL,BOM,DEL,2024-12-09,445,A320,152,114,855570,539659.79
1108,DEL-LHR,DEL,LHR,2024-10-24,713,A350,279,270,2161890,2270086.39
1109,BOM-SIN,BOM,SIN,2024-01-30,231,A320,186,85,355725,339409.28
1110,MAA-DEL,MAA,DEL,2024-03-20,487,A320,138,61,396866,384356.76
1111,BLR-HYD,BLR,HYD,2024-05-23,856,A350,242,164,1465832,1525101.26
1112,BOM-SIN,BOM,SIN,2024-06-25,91,B787,165,143,1295866,1167974.78
1113,DEL-LHR,DEL,LHR,2024-07-24,506,A321,254,168,1526952,1606744.55
1114,BOM-DXB,BOM,DXB,2024-06-30,267,A320,200,111,766566,837701.22
1115,BLR-SIN,BLR,SIN,2024-02-17,249,A321,272,107,1065720,657377.5
1116,BOM-DXB,BOM,DXB,2024-04-20,122,B787,125,105,469350,452417.24
1117,DEL-BLR,DEL,BLR,2024-08-24,132,A320,126,73,478223,407000.48
1118,DEL-JFK,DEL,JFK,2024-02-15,874,A350,157,96,1017984,959849.94
1119,BLR-HYD,BLR,HYD,2024-11-24,559,A320,165,137,1008868,1039712.31
1120,BOM-SIN,BOM,SIN,2024-07-20,145,B787,264,149,778376,850245.84
1121,BOM-DXB,BOM,DXB,2024-07-30,734,A350,183,95,568765,492672.09
1122,BLR-HYD,BLR,HYD,2024-12-27,657,B787,218,70,596960,527555.41
1123,BLR-HYD,BLR,HYD,2024-09-17,498,A321,178,166,1487858,1010673.78
1124,BLR-SIN,BLR,SIN,2024-07-13,432,B737,126,122,1389580,1224614.43
1125,DEL-BLR,DEL,BLR,2024-08-13,308,A350,206,178,1970994,2068157.21
1126,BOM-DEL,BOM,DEL,2024-07-20,282,A320,218,146,1211362,1308043.91
1127,BOM-SIN,BOM,SIN,2024-06-14,650,A350,142,131,1042367,638817.55
1128,HYD-BOM,HYD,BOM,2024-03-30,198,B737,176,151,760436,655824.59
1129,BOM-DXB,BOM,DXB,2024-06-24,128,A350,133,106,722814,763285.59
1130,DEL-BLR,DEL,BLR,2024-03-23,177,B787,186,63,555660,435810.69
1131,BLR-HYD,BLR,HYD,2024-04-18,690,A350,228,127,1065530,696530.79
1132,BOM-DXB,BOM,DXB,2024-04-12,335,A350,267,83,877227,848164.44
1133,DEL-BLR,DEL,BLR,2024-01-14,662,B787,147,144,1589760,1193302.5
1134,BOM-DXB,BOM,DXB,2024-08-09,638,A321,277,112,761376,748211.04
1135,DEL-JFK,DEL,JFK,2024-01-08,798,A320,276,273,1138956,1029582.28
1136,DEL-JFK,DEL,JFK,2024-01-28,103,A321,283,118,486750,308102.26
1137,DEL-JFK,DEL,JFK,2024-02-22,419,B787,212,97,467831,393001.31
1138,HYD-BOM,HYD,BOM,2024-02-17,483,A321,226,118,1095276,944974.58
1139,DEL-BLR,DEL,BLR,2024-06-16,490,A321,253,125,1096375,711175.19
1140,BLR-HYD,BLR,HYD,2024-07-11,591,A320,247,90,1044450,689973.87
1141,MAA-DEL,MAA,DEL,2024-06-19,160,A350,179,100,537300,368657.36
1142,BLR-HYD,BLR,HYD,2024-04-10,258,A350,147,131,1556149,1043347.7
1143,DEL-JFK,DEL,JFK,2024-10-23,128,A350,251,81,479925,461707.56
1144,HYD-BOM,HYD,BOM,2024-10-12,496,A350,189,178,1526706,934501.9
1145,BLR-SIN,BLR,SIN,2024-12-24,450,A321,236,127,1498473,947666.27
1146,BOM-DXB,BOM,DXB,2024-01-14,173,A350,285,95,732830,604246.26
1147,DEL-JFK,DEL,JFK,2024-12-29,171,A350,201,173,1671526,1694010.06
1148,DEL-JFK,DEL,JFK,2024-10-29,642,A321,173,72,761904,723914.8
1149,DEL-BLR,DEL,BLR,2024-02-05,147,B737,187,81,789183,693472.81
1150,HYD-BOM,HYD,BOM,2024-12-13,726,A321,131,110,1182390,935938.56
1151,DEL-BLR,DEL,BLR,2024-09-21,276,B787,199,62,280984,286682.43
1152,MAA-DEL,MAA,DEL,2024-06-24,174,B737,145,139,1110471,688422.13
1153,HYD-BOM,HYD,BOM,2024-11-16,327,B787,298,241,1598794,1084839.57
1154,HYD-BOM,HYD,BOM,2024-01-26,85,A320,239,206,1865948,1910749.44
1155,DEL-LHR,DEL,LHR,2024-05-14,286,A350,268,74,365412,247040.47
1156,BOM-DEL,BOM,DEL,2024-09-29,731,B737,293,156,1000896,1035017.98
1157,HYD-BOM,HYD,BOM,2024-11-20,524,A350,220,141,1168890,887446.76
1158,BOM-DXB,BOM,DXB,2024-09-25,401,A320,236,155,1807920,1131385.91
1159,DEL-BLR,DEL,BLR,2024-07-05,245,B787,300,233,2794136,2687449.0
1160,DEL-BLR,DEL,BLR,2024-02-12,558,B787,191,77,491183,408337.34
1161,DEL-JFK,DEL,JFK,2024-12-26,819,A320,281,156,1295424,799030.0
1162,BOM-SIN,BOM,SIN,2024-10-06,578,B787,188,174,1723296,1094518.4
1163,BLR-SIN,BLR,SIN,2024-10-01,635,A350,277,142,592282,366345.43
1164,MAA-DEL,MAA,DEL,2024-08-15,791,A350,239,183,1927905,1454471.35
1165,DEL-LHR,DEL,LHR,2024-10-07,800,B787,284,228,2282736,2075626.25
1166,HYD-BOM,HYD,BOM,2024-06-19,638,B737,160,145,1313555,1428167.01
1167,BLR-HYD,BLR,HYD,2024-12-01,89,A350,132,117,902421,895002.82
1168,BOM-DEL,BOM,DEL,2024-11-03,197,B737,126,106,639180,391738.16
1169,DEL-BLR,DEL,BLR,2024-08-14,867,A320,288,223,1016211,1030526.45
1170,MAA-DEL,MAA,DEL,2024-05-28,602,A321,257,64,348608,344360.72
1171,DEL-JFK,DEL,JFK,2024-09-26,332,A350,273,173,1585372,1694979.92
1172,DEL-LHR,DEL,LHR,2024-03-13,587,A350,247,199,1828810,1147002.38
1173,MAA-DEL,MAA,DEL,2024-10-10,742,A320,153,112,1033760,777457.63
1174,BLR-SIN,BLR,SIN,2024-04-28,85,A350,236,180,1327680,864535.16
1175,MAA-DEL,MAA,DEL,2024-01-03,491,A320,127,110,1189100,821571.43
1176,BLR-HYD,BLR,HYD,2024-03-21,370,A320,218,116,807012,748899.58
1177,BOM-DEL,BOM,DEL,2024-06-29,101,B737,192,178,850662,729865.41
1178,BOM-DEL,BOM,DEL,2024-04-02,721,B737,282,245,1706180,1136448.34
1179,BLR-SIN,BLR,SIN,2024-03-17,313,A320,239,65,611585,586580.17
1180,DEL-BLR,DEL,BLR,2024-06-12,538,B787,262,87,588120,458680.78
1181,HYD-BOM,HYD,BOM,2024-03-17,687,A321,204,134,1392930,1501253.43
1182,MAA-DEL,MAA,DEL,2024-03-01,61,A321,260,147,937860,796370.55
1183,MAA-DEL,MAA,DEL,2024-02-14,232,A350,300,79,780757,647143.36
1184,DEL-LHR,DEL,LHR,2024-08-25,599,A321,123,83,918063,853980.24
1185,BLR-HYD,BLR,HYD,2024-08-26,367,B737,147,83,334241,314561.75
1186,BOM-SIN,BOM,SIN,2024-01-08,631,B737,180,179,1333908,1053857.68
1187,BOM-SIN,BOM,SIN,2024-12-12,314,A320,231,90,497160,361698.41
1188,MAA-DEL,MAA,DEL,2024-07-29,133,A320,163,115,1157015,1113864.44
1189,DEL-JFK,DEL,JFK,2024-02-20,441,A350,132,123,987198,902140.45
1190,BOM-DXB,BOM,DXB,2024-10-01,857,A320,166,97,871836,679793.82
1191,DEL-JFK,DEL,JFK,2024-07-27,687,B737,146,127,715137,544513.88
1192,DEL-LHR,DEL,LHR,2024-04-22,301,B787,266,259,2166276,1366572.2
1193,BOM-DEL,BOM,DEL,2024-07-31,104,B787,150,150,1556850,1288598.03
1194,MAA-DEL,MAA,DEL,2024-04-22,139,A321,227,172,1245108,1030946.66
1195,BOM-SIN,BOM,SIN,2024-05-16,382,A321,178,157,1142489,889266.62
1196,DEL-JFK,DEL,JFK,2024-01-21,481,B787,235,168,1999872,1408753.78
1197,MAA-DEL,MAA,DEL,2024-02-02,874,A321,280,228,1584372,1542031.23
1198,BLR-HYD,BLR,HYD,2024-04-26,530,A320,196,145,1016740,878140.34
1199,MAA-DEL,MAA,DEL,2024-10-31,779,B737,285,78,755196,782394.95
1200,BOM-SIN,BOM,SIN,2024-08-25,832,B737,263,245,2731505,2339520.53
1201,DEL-BLR,DEL,BLR,2024-10-29,655,B737,296,224,1820448,1969618.25
1202,BOM-DEL,BOM,DEL,2024-01-13,347,A320,148,62,377952,298112.42
1203,BLR-SIN,BLR,SIN,2024-07-08,480,B787,180,93,597432,523997.13
1204,BOM-DXB,BOM,DXB,2024-05-23,389,B737,263,61,344406,371521.68
1205,HYD-BOM,HYD,BOM,2024-07-25,528,A350,160,80,815360,529507.33
1206,HYD-BOM,HYD,BOM,2024-09-26,687,A321,284,216,2439936,2334380.33
1207,DEL-JFK,DEL,JFK,2024-09-11,247,B737,132,86,450984,376259.47
1208,BOM-DXB,BOM,DXB,2024-11-13,843,B737,123,114,1012206,967720.76
1209,BLR-HYD,BLR,HYD,2024-11-10,679,A350,175,138,576564,531486.74
1210,MAA-DEL,MAA,DEL,2024-10-08,511,B787,267,165,1167870,1179637.4
1211,DEL-BLR,DEL,BLR,2024-09-02,472,A320,200,137,1290951,1183877.56
1212,BOM-SIN,BOM,SIN,2024-05-18,85,A350,122,99,1144539,875802.06
1213,DEL-JFK,DEL,JFK,2024-06-06,378,A320,212,75,569100,421652.62
1214,DEL-BLR,DEL,BLR,2024-05-21,100,B737,151,115,890100,852796.72
1215,BLR-SIN,BLR,SIN,2024-06-10,124,B787,181,155,1548140,1555188.81
1216,BOM-DEL,BOM,DEL,2024-05-09,312,A321,292,128,1478784,1238904.24
1217,BLR-SIN,BLR,SIN,2024-05-22,412,B737,140,114,1357968,1135683.73
1218,DEL-BLR,DEL,BLR,2024-08-25,813,A321,158,126,864612,756251.17
1219,BLR-HYD,BLR,HYD,2024-08-03,683,A321,153,139,1127707,723207.24
1220,HYD-BOM,HYD,BOM,2024-01-27,786,B737,223,127,520192,324231.93
1221,DEL-LHR,DEL,LHR,2024-05-07,735,A320,145,132,1029072,712532.26
1222,BOM-SIN,BOM,SIN,2024-09-07,486,B737,152,110,1120350,987021.02
1223,BLR-HYD,BLR,HYD,2024-06-03,169,B787,160,121,620609,486935.22
1224,DEL-LHR,DEL,LHR,2024-01-17,500,A350,264,252,2996280,2238534.15
1225,BOM-DEL,BOM,DEL,2024-08-17,769,A321,150,109,590344,367296.93
1226,DEL-BLR,DEL,BLR,2024-02-25,699,A320,213,120,577680,396187.08
1227,DEL-BLR,DEL,BLR,2024-11-14,843,B787,152,139,866943,698808.11
1228,HYD-BOM,HYD,BOM,2024-11-22,105,B787,261,100,619600,538200.92
1229,DEL-BLR,DEL,BLR,2024-01-02,408,B737,203,78,786942,767898.28
1230,HYD-BOM,HYD,BOM,2024-10-06,328,B787,191,116,695420,548950.85
1231,DEL-BLR,DEL,BLR,2024-02-04,77,B737,129,110,1061720,841344.22
1232,DEL-JFK,DEL,JFK,2024-05-09,472,A320,249,236,2318936,2274100.21
1233,DEL-LHR,DEL,LHR,2024-04-15,570,A321,135,133,1028356,930092.99
1234,BLR-SIN,BLR,SIN,2024-10-16,404,B737,149,108,549180,555745.81
1235,BOM-DXB,BOM,DXB,2024-07-30,301,B787,247,127,1270762,1218536.57
1236,MAA-DEL,MAA,DEL,2024-07-12,141,B737,246,189,1535436,1304617.8
1237,HYD-BOM,HYD,BOM,2024-02-26,501,A320,271,84,638568,628458.97
1238,DEL-LHR,DEL,LHR,2024-06-10,511,A320,200,158,1804676,1591174.39
1239,BLR-HYD,BLR,HYD,2024-03-12,91,A320,283,247,1425190,924973.17
1240,DEL-LHR,DEL,LHR,2024-01-02,231,A350,160,109,619665,512823.25
1241,BLR-SIN,BLR,SIN,2024-05-17,331,B737,146,87,552972,363074.52
1242,BOM-SIN,BOM,SIN,2024-09-26,725,A320,190,131,1338820,1083117.24
1243,MAA-DEL,MAA,DEL,2024-12-21,78,A320,188,144,1391040,1345739.16
1244,MAA-DEL,MAA,DEL,2024-02-08,483,B737,232,232,1774568,1500536.47
1245,DEL-JFK,DEL,JFK,2024-07-26,497,A350,183,177,1933902,1915002.08
1246,BOM-SIN,BOM,SIN,2024-08-02,537,A320,244,159,1216191,1180434.43
1247,HYD-BOM,HYD,BOM,2024-01-27,885,A320,256,238,2289798,1599728.04
1248,MAA-DEL,MAA,DEL,2024-07-20,670,A321,213,121,1261183,1061579.45
1249,BLR-HYD,BLR,HYD,2024-05-20,218,A321,265,91,652652,393062.82
1250,BOM-DXB,BOM,DXB,2024-04-15,765,B787,150,111,894327,556024.07
1251,BOM-SIN,BOM,SIN,2024-08-21,282,A350,165,93,514476,359148.3
1252,BOM-DEL,BOM,DEL,2024-05-06,199,B787,188,108,771660,639855.65
1253,DEL-LHR,DEL,LHR,2024-08-06,678,A321,200,132,613404,376915.83
1254,BOM-DEL,BOM,DEL,2024-05-22,66,B737,265,234,1387152,863574.5
1255,BOM-SIN,BOM,SIN,2024-11-22,352,B787,240,233,1443202,1451509.24
1256,DEL-JFK,DEL,JFK,2024-01-05,612,A350,147,137,926257,953815.99
1257,MAA-DEL,MAA,DEL,2024-10-04,843,B787,253,205,1093265,1039103.96
1258,DEL-LHR,DEL,LHR,2024-10-30,876,B737,299,107,1158382,1265596.84
1259,BOM-DXB,BOM,DXB,2024-01-22,442,B737,245,136,773432,509793.82
1260,BLR-SIN,BLR,SIN,2024-07-04,259,A321,253,168,1515864,1666868.06
1261,BLR-SIN,BLR,SIN,2024-11-05,754,A350,151,67,620353,492724.69
1262,BLR-SIN,BLR,SIN,2024-04-07,778,A321,161,76,467476,369717.8
1263,HYD-BOM,HYD,BOM,2024-05-09,296,B787,175,121,767624,638339.9
1264,DEL-LHR,DEL,LHR,2024-12-31,768,B787,169,104,844272,651240.96
1265,MAA-DEL,MAA,DEL,2024-09-26,143,A350,207,65,415740,414051.48
1266,MAA-DEL,MAA,DEL,2024-05-09,767,A321,240,68,394604,266298.2
1267,MAA-DEL,MAA,DEL,2024-03-09,202,B787,138,120,1416000,950457.64
1268,DEL-LHR,DEL,LHR,2024-07-12,155,A350,212,154,1157156,1118693.28
1269,MAA-DEL,MAA,DEL,2024-04-09,680,A321,276,263,1566691,946487.33
1270,HYD-BOM,HYD,BOM,2024-11-23,870,B787,270,165,1837935,1823457.68
1271,DEL-LHR,DEL,LHR,2024-07-17,634,B737,140,84,845124,819357.19
1272,BLR-SIN,BLR,SIN,2024-06-22,637,A321,286,227,1247365,863881.77
1273,BOM-DXB,BOM,DXB,2024-04-21,139,B737,197,192,1138368,961909.19
1274,BLR-HYD,BLR,HYD,2024-09-24,698,A321,135,131,1100007,667278.13
1275,DEL-JFK,DEL,JFK,2024-02-23,825,B737,261,227,2112462,1667457.22
1276,BLR-HYD,BLR,HYD,2024-04-07,845,A320,148,130,685620,654861.53
1277,BOM-DEL,BOM,DEL,2024-07-14,479,A321,263,97,748258,759968.0
1278,DEL-BLR,DEL,BLR,2024-09-20,517,A350,124,95,493240,452363.09
1279,MAA-DEL,MAA,DEL,2024-03-27,418,A321,132,120,1193160,1043979.88
1280,BOM-DXB,BOM,DXB,2024-08-13,425,A321,134,78,383526,263641.46
1281,BOM-DXB,BOM,DXB,2024-09-28,665,B737,268,161,815465,806304.6
1282,BOM-SIN,BOM,SIN,2024-11-19,598,B787,217,68,693328,457343.2
1283,DEL-LHR,DEL,LHR,2024-04-13,650,B737,128,83,398732,363744.92
1284,DEL-BLR,DEL,BLR,2024-06-15,586,B737,269,65,590395,421487.6
1285,HYD-BOM,HYD,BOM,2024-04-09,690,A320,244,218,1965924,1399839.28
1286,HYD-BOM,HYD,BOM,2024-11-16,240,B787,140,97,395372,283344.65
1287,HYD-BOM,HYD,BOM,2024-01-12,833,A320,242,96,923040,729952.84
1288,DEL-JFK,DEL,JFK,2024-11-05,252,B737,223,189,1948779,1476347.02
1289,BLR-HYD,BLR,HYD,2024-11-09,478,B737,205,140,1022840,859272.09
1290,DEL-BLR,DEL,BLR,2024-05-12,82,B737,145,114,1124040,1033824.37
1291,BOM-DEL,BOM,DEL,2024-04-05,691,B737,213,174,1891554,1701731.87
1292,DEL-LHR,DEL,LHR,2024-08-08,279,A320,227,202,2241392,1602282.82
1293,DEL-JFK,DEL,JFK,2024-12-13,792,A350,263,166,1907838,1840750.56
1294,MAA-DEL,MAA,DEL,2024-11-20,879,A321,225,123,1085352,718795.43
1295,HYD-BOM,HYD,BOM,2024-09-03,161,A350,200,77,853776,782232.94
1296,DEL-LHR,DEL,LHR,2024-07-18,831,A320,282,216,1165536,1138674.61
1297,DEL-JFK,DEL,JFK,2024-01-27,256,B787,255,76,399228,356374.35
1298,BLR-SIN,BLR,SIN,2024-08-11,763,B737,123,121,901450,731888.65
1299,MAA-DEL,MAA,DEL,2024-09-05,342,A321,192,73,672987,477196.55
1300,BLR-SIN,BLR,SIN,2024-05-13,413,A321,140,98,610540,388822.13
1301,BOM-DEL,BOM,DEL,2024-12-16,702,B787,169,72,350496,265920.28
1302,DEL-JFK,DEL,JFK,2024-06-25,199,B737,183,96,735360,535082.0
1303,BOM-DEL,BOM,DEL,2024-12-27,573,A320,244,101,834765,509046.94
1304,BLR-HYD,BLR,HYD,2024-07-07,232,B787,280,104,1105000,1162512.74
1305,DEL-JFK,DEL,JFK,2024-02-02,847,A350,281,210,2494380,2443077.55
1306,BLR-SIN,BLR,SIN,2024-08-04,317,B737,126,62,528612,332935.13
1307,BLR-HYD,BLR,HYD,2024-09-13,263,A350,133,109,660758,482488.63
1308,BOM-SIN,BOM,SIN,2024-07-08,281,A320,173,128,869632,778635.77
1309,BLR-SIN,BLR,SIN,2024-03-02,854,B787,183,136,685576,666098.98
1310,BOM-SIN,BOM,SIN,2024-06-10,841,A350,198,198,1810908,1898821.02
1311,HYD-BOM,HYD,BOM,2024-05-20,575,B787,142,85,481865,333555.97
1312,BLR-SIN,BLR,SIN,2024-02-08,392,B787,272,120,1306440,952696.43
1313,DEL-BLR,DEL,BLR,2024-01-08,208,B787,159,157,696609,594060.98
1314,DEL-LHR,DEL,LHR,2024-03-09,708,A320,234,176,1925440,1205867.56
1315,MAA-DEL,MAA,DEL,2024-11-28,466,A320,155,88,671264,731105.41
1316,DEL-BLR,DEL,BLR,2024-02-27,532,A320,162,84,948864,1033421.27
1317,BLR-SIN,BLR,SIN,2024-06-25,95,B737,267,212,1447536,1419004.52
1318,BOM-SIN,BOM,SIN,2024-09-20,741,B737,262,126,1275246,917827.13
1319,BLR-HYD,BLR,HYD,2024-07-31,881,A320,123,112,1070720,943664.99
1320,MAA-DEL,MAA,DEL,2024-11-05,711,A321,129,62,366110,340160.34
1321,DEL-JFK,DEL,JFK,2024-05-21,198,A350,207,65,560885,504268.07
1322,BOM-DEL,BOM,DEL,2024-08-08,820,A321,253,137,955575,979144.01
1323,DEL-BLR,DEL,BLR,2024-01-18,784,B787,154,87,1020162,922686.92
1324,DEL-BLR,DEL,BLR,2024-10-06,122,A320,278,72,612432,500318.62
1325,BOM-DEL,BOM,DEL,2024-08-10,734,B737,289,136,849592,528795.55
1326,BOM-DXB,BOM,DXB,2024-04-17,693,A350,203,85,802315,819086.27
1327,BOM-DEL,BOM,DEL,2024-04-16,260,B737,151,80,547600,419934.83
1328,HYD-BOM,HYD,BOM,2024-11-07,307,A321,200,99,694287,581001.28
1329,DEL-JFK,DEL,JFK,2024-02-05,325,A320,189,129,956019,800275.0
1330,MAA-DEL,MAA,DEL,2024-10-03,592,B737,127,126,1067472,1067833.91
1331,BLR-SIN,BLR,SIN,2024-09-16,126,A320,150,68,390048,292791.27
1332,BLR-HYD,BLR,HYD,2024-06-29,117,A321,284,146,1670386,1132258.89
1333,DEL-JFK,DEL,JFK,2024-11-22,222,B737,141,113,1030108,798627.24
1334,MAA-DEL,MAA,DEL,2024-11-12,377,A320,157,72,479952,381915.81
1335,MAA-DEL,MAA,DEL,2024-05-03,203,A320,232,203,1153649,1174701.06
1336,DEL-LHR,DEL,LHR,2024-08-07,611,A320,150,142,1218786,1055131.99
1337,BOM-DEL,BOM,DEL,2024-05-29,727,A350,291,141,1646880,1589896.32
1338,MAA-DEL,MAA,DEL,2024-09-11,626,B787,247,212,2375248,2311872.24
1339,BOM-DEL,BOM,DEL,2024-04-28,640,A320,201,124,834396,781019.69
1340,BOM-SIN,BOM,SIN,2024-04-05,792,A321,169,83,335320,226883.07
1341,BOM-DEL,BOM,DEL,2024-06-11,583,A321,126,76,412224,252333.31
1342,BOM-SIN,BOM,SIN,2024-02-19,567,A320,297,121,1246179,1259695.63
1343,DEL-JFK,DEL,JFK,2024-08-09,721,A321,280,163,1741818,1621875.55
1344,BLR-SIN,BLR,SIN,2024-05-06,375,B737,179,111,1092573,1024390.84
1345,DEL-LHR,DEL,LHR,2024-09-17,270,A321,164,92,1020096,839622.47
1346,BOM-DXB,BOM,DXB,2024-09-10,773,A321,209,65,496340,362584.3
1347,HYD-BOM,HYD,BOM,2024-11-01,280,A320,213,149,964626,1039623.44
1348,BLR-SIN,BLR,SIN,2024-12-10,867,A350,275,236,1066248,911668.45
1349,BOM-DEL,BOM,DEL,2024-01-27,318,A350,148,85,837420,835919.69
1350,BOM-DEL,BOM,DEL,2024-01-06,281,B737,121,76,643720,436771.18
1351,BOM-DXB,BOM,DXB,2024-07-03,363,B787,122,95,693500,519810.12
1352,DEL-JFK,DEL,JFK,2024-03-15,637,A320,182,158,683350,508631.67
1353,DEL-JFK,DEL,JFK,2024-08-02,595,B787,245,239,2501374,2038312.69
1354,DEL-BLR,DEL,BLR,2024-08-01,215,A350,125,87,393240,246876.2
1355,DEL-BLR,DEL,BLR,2024-09-02,889,B787,265,197,886303,841113.02
1356,BLR-SIN,BLR,SIN,2024-08-21,879,B737,277,260,1659320,1727290.98
1357,DEL-JFK,DEL,JFK,2024-02-04,854,B737,207,179,2122403,1579524.83
1358,DEL-JFK,DEL,JFK,2024-10-11,306,A320,237,157,1051272,960308.29
1359,BLR-SIN,BLR,SIN,2024-12-28,698,B787,248,220,1362240,1238434.86
1360,BOM-DXB,BOM,DXB,2024-03-28,256,B787,178,75,873750,930671.8
1361,DEL-JFK,DEL,JFK,2024-07-14,77,A320,224,196,1977248,1473536.88
1362,DEL-BLR,DEL,BLR,2024-07-06,894,B737,249,123,1145253,1161203.66
1363,DEL-LHR,DEL,LHR,2024-07-26,81,A350,176,76,900904,599960.68
1364,BOM-SIN,BOM,SIN,2024-12-26,704,B787,228,134,834954,635446.04
1365,BLR-SIN,BLR,SIN,2024-10-15,394,A321,249,99,494109,411500.64
1366,DEL-LHR,DEL,LHR,2024-07-07,502,B787,166,111,452880,299362.13
1367,BOM-DXB,BOM,DXB,2024-07-14,334,A320,294,245,1843625,1879103.06
1368,BOM-DEL,BOM,DEL,2024-07-25,636,A320,125,92,717048,499723.46
1369,BOM-DXB,BOM,DXB,2024-05-06,192,A320,241,117,977418,675274.23
1370,DEL-LHR,DEL,LHR,2024-02-09,119,A350,272,199,1438770,1382260.31
1371,DEL-BLR,DEL,BLR,2024-10-20,62,A320,265,255,1092165,687208.85
1372,BOM-DXB,BOM,DXB,2024-01-05,622,A320,253,225,925875,871248.05
1373,MAA-DEL,MAA,DEL,2024-05-08,118,A350,300,91,408863,318223.25
1374,BOM-DXB,BOM,DXB,2024-10-14,758,A321,122,69,760587,775725.68
1375,BLR-HYD,BLR,HYD,2024-05-05,545,A321,298,121,994620,684407.76
1376,DEL-BLR,DEL,BLR,2024-08-24,769,A350,186,184,1858584,1614131.11
1377,HYD-BOM,HYD,BOM,2024-01-28,584,A321,292,281,3201995,2035341.31
1378,DEL-LHR,DEL,LHR,2024-01-20,464,B787,176,129,1335924,1319277.84
1379,BOM-DXB,BOM,DXB,2024-11-28,591,B787,225,183,1229760,1341621.25
1380,BOM-DXB,BOM,DXB,2024-10-04,304,A350,169,168,1001952,981435.22
1381,BOM-SIN,BOM,SIN,2024-11-27,264,A350,132,91,477841,342997.24
1382,MAA-DEL,MAA,DEL,2024-07-12,715,B737,266,178,2101468,1896962.81
1383,HYD-BOM,HYD,BOM,2024-07-30,879,B737,285,97,999585,884683.48
1384,MAA-DEL,MAA,DEL,2024-06-01,143,A350,252,252,1363068,1270497.76
1385,DEL-BLR,DEL,BLR,2024-06-13,566,A320,242,160,1304000,1292939.67
1386,BLR-SIN,BLR,SIN,2024-04-18,358,A321,142,77,816200,755730.35
1387,MAA-DEL,MAA,DEL,2024-10-06,724,A350,233,217,2342949,2121397.29
1388,DEL-JFK,DEL,JFK,2024-02-12,512,A321,287,109,703268,546231.2
1389,DEL-BLR,DEL,BLR,2024-03-12,791,A321,292,109,1266253,909097.88
1390,HYD-BOM,HYD,BOM,2024-08-21,335,A350,169,117,969111,845158.45
1391,DEL-LHR,DEL,LHR,2024-09-07,511,A321,236,184,1497392,911478.85
1392,DEL-BLR,DEL,BLR,2024-10-16,811,A320,281,220,936100,773312.35
1393,DEL-LHR,DEL,LHR,2024-10-19,501,B737,131,89,637240,532672.08
1394,BLR-HYD,BLR,HYD,2024-09-26,542,A321,245,220,1983960,1433684.27
1395,DEL-JFK,DEL,JFK,2024-03-21,646,A350,280,152,1118112,824075.19
1396,BLR-SIN,BLR,SIN,2024-10-27,367,B787,148,87,640581,521013.75
1397,BLR-SIN,BLR,SIN,2024-02-28,862,A350,180,95,824790,575029.88
1398,BOM-DEL,BOM,DEL,2024-03-14,216,A320,206,150,979350,1065923.81
1399,HYD-BOM,HYD,BOM,2024-01-29,559,A320,152,97,1090280,1088940.29
1400,BLR-SIN,BLR,SIN,2024-02-15,793,A320,147,123,1337010,805992.76
1401,BOM-DXB,BOM,DXB,2024-02-12,255,A320,238,161,1518069,994225.98
1402,MAA-DEL,MAA,DEL,2024-12-20,167,A320,160,69,685032,460156.52
1403,BOM-SIN,BOM,SIN,2024-04-28,742,A321,210,71,410451,394276.62
1404,BLR-SIN,BLR,SIN,2024-11-26,397,B787,267,153,1102059,1131482.44
1405,DEL-LHR,DEL,LHR,2024-06-24,138,B737,294,101,555803,468074.03
1406,BOM-SIN,BOM,SIN,2024-01-22,362,B787,265,125,929500,892123.85
1407,DEL-JFK,DEL,JFK,2024-07-29,412,A321,244,120,892440,536095.43
1408,BOM-SIN,BOM,SIN,2024-03-31,215,B787,281,123,556329,584905.48
1409,DEL-BLR,DEL,BLR,2024-03-07,761,B787,275,269,2267401,2051195.69
1410,BOM-SIN,BOM,SIN,2024-07-16,442,B787,210,141,694425,680358.04
1411,BOM-DEL,BOM,DEL,2024-08-09,108,B787,230,194,2214510,2396416.49
1412,MAA-DEL,MAA,DEL,2024-03-30,746,A321,191,157,642444,623171.56
1413,DEL-LHR,DEL,LHR,2024-05-04,84,A320,144,104,739960,626972.19
1414,BLR-HYD,BLR,HYD,2024-02-29,671,A321,287,165,1591425,1622771.14
1415,BOM-SIN,BOM,SIN,2024-11-26,191,B787,263,73,435591,478843.89
1416,MAA-DEL,MAA,DEL,2024-02-07,231,A320,251,249,2419284,1780743.84
1417,BOM-DXB,BOM,DXB,2024-02-06,732,B737,255,166,1761924,1229878.01
1418,DEL-BLR,DEL,BLR,2024-06-15,152,A350,205,123,1192116,1243083.28
1419,HYD-BOM,HYD,BOM,2024-08-06,641,B737,239,233,2043876,1327280.9
1420,BOM-SIN,BOM,SIN,2024-09-05,696,B737,223,129,1130169,1211105.96
1421,DEL-BLR,DEL,BLR,2024-04-03,293,B737,193,95,808830,537917.94
1422,BLR-HYD,BLR,HYD,2024-03-22,126,B737,189,181,2109555,1361851.85
1423,DEL-JFK,DEL,JFK,2024-03-09,128,A320,288,110,839080,612924.14
1424,BOM-DXB,BOM,DXB,2024-07-24,886,A321,266,163,1405875,1381798.89
1425,MAA-DEL,MAA,DEL,2024-02-23,728,A321,177,167,1304938,1343498.91
1426,HYD-BOM,HYD,BOM,2024-09-18,319,A350,134,61,538691,353006.7
1427,BLR-HYD,BLR,HYD,2024-12-23,178,A320,218,194,1554522,1540512.89
1428,DEL-BLR,DEL,BLR,2024-01-17,878,B787,198,163,1882976,1531613.61
1429,BOM-DEL,BOM,DEL,2024-08-12,753,B787,214,89,848348,561952.01
1430,HYD-BOM,HYD,BOM,2024-04-05,517,A320,171,126,598374,463428.37
1431,BOM-DXB,BOM,DXB,2024-09-26,296,A320,255,217,923769,822631.41
1432,MAA-DEL,MAA,DEL,2024-12-03,359,A350,254,131,900232,646458.37
1433,BLR-HYD,BLR,HYD,2024-11-22,463,B737,125,88,782408,562581.16
1434,DEL-BLR,DEL,BLR,2024-06-06,383,B737,170,106,849060,746861.56
1435,BOM-SIN,BOM,SIN,2024-09-27,780,A350,177,112,1141840,1055781.74
1436,MAA-DEL,MAA,DEL,2024-01-19,633,A350,157,71,445099,299116.72
1437,BOM-DEL,BOM,DEL,2024-03-16,498,A320,189,97,764554,629676.79
1438,DEL-LHR,DEL,LHR,2024-08-12,596,A320,128,102,1042542,1146124.29
1439,BLR-HYD,BLR,HYD,2024-07-06,347,A320,165,93,559395,475177.32
1440,HYD-BOM,HYD,BOM,2024-03-19,740,A321,158,124,826584,497814.81
1441,DEL-BLR,DEL,BLR,2024-02-04,111,B787,243,148,1271172,767652.97
1442,BOM-DEL,BOM,DEL,2024-02-21,870,A321,220,89,962713,724581.32
1443,DEL-JFK,DEL,JFK,2024-09-10,616,A350,167,142,1454932,908873.52
1444,BOM-DXB,BOM,DXB,2024-03-27,826,A321,294,232,1373904,842930.82
1445,MAA-DEL,MAA,DEL,2024-06-05,335,A350,124,122,1185474,926750.71
1446,BLR-SIN,BLR,SIN,2024-07-21,474,A320,208,192,1317120,918298.23
1447,DEL-LHR,DEL,LHR,2024-10-19,519,A320,212,181,1916247,1920451.6
1448,DEL-JFK,DEL,JFK,2024-10-07,110,A321,267,91,699153,486775.58
1449,DEL-BLR,DEL,BLR,2024-02-06,184,B737,123,116,517824,319378.53
1450,HYD-BOM,HYD,BOM,2024-08-14,245,B787,196,106,1040072,717758.96
1451,HYD-BOM,HYD,BOM,2024-06-23,566,B737,291,211,1052257,912371.75
1452,BLR-HYD,BLR,HYD,2024-09-09,600,B737,169,85,535075,567779.17
1453,MAA-DEL,MAA,DEL,2024-03-02,852,A350,210,80,675600,450549.41
1454,BOM-DXB,BOM,DXB,2024-11-28,560,A320,289,128,949504,697947.73
1455,BLR-SIN,BLR,SIN,2024-07-17,648,A350,188,77,809039,622418.68
1456,BLR-HYD,BLR,HYD,2024-11-19,161,B787,219,85,824160,659406.99
1457,DEL-BLR,DEL,BLR,2024-10-15,380,A321,203,74,330040,241942.41
1458,BLR-SIN,BLR,SIN,2024-12-16,140,B737,182,104,916656,747610.04
1459,DEL-BLR,DEL,BLR,2024-02-04,162,B737,130,118,1275816,1236170.18
1460,DEL-JFK,DEL,JFK,2024-03-31,624,A321,186,76,660288,487491.15
1461,BLR-HYD,BLR,HYD,2024-11-21,641,A321,223,219,2191971,2288997.6
1462,DEL-LHR,DEL,LHR,2024-08-01,790,A320,290,209,2121559,2110348.5
1463,BOM-DEL,BOM,DEL,2024-05-07,791,A350,217,125,826875,648882.18
1464,HYD-BOM,HYD,BOM,2024-01-19,814,A320,265,119,880838,741547.92
1465,DEL-LHR,DEL,LHR,2024-02-01,729,B787,291,144,1692288,1374727.47
1466,DEL-LHR,DEL,LHR,2024-10-13,600,A321,289,152,971584,829821.58
1467,DEL-LHR,DEL,LHR,2024-07-18,888,A321,253,248,1351848,1433544.61
1468,BOM-DXB,BOM,DXB,2024-01-05,539,B787,153,88,635976,603946.85
1469,BOM-DEL,BOM,DEL,2024-10-13,259,A321,297,108,654372,439025.54
1470,BLR-SIN,BLR,SIN,2024-07-06,71,A321,189,123,1215609,1310889.9
1471,BOM-SIN,BOM,SIN,2024-09-12,83,B787,123,116,1330636,964693.39
1472,BOM-DXB,BOM,DXB,2024-03-27,356,B737,151,108,456084,276491.39
1473,DEL-JFK,DEL,JFK,2024-10-21,736,A321,169,146,1581472,997209.16
1474,BOM-SIN,BOM,SIN,2024-04-06,302,A321,262,213,1906563,1425041.84
1475,BOM-DEL,BOM,DEL,2024-04-13,391,A321,239,103,1179556,1048299.21
1476,BLR-HYD,BLR,HYD,2024-12-05,319,A321,127,100,970200,871736.0
1477,MAA-DEL,MAA,DEL,2024-06-04,832,B787,125,75,768975,760390.54
1478,BLR-SIN,BLR,SIN,2024-06-11,759,B787,182,149,653961,683369.32
1479,BOM-DXB,BOM,DXB,2024-07-21,829,A321,174,114,537966,584704.16
1480,BLR-HYD,BLR,HYD,2024-10-13,170,A320,218,135,825255,594193.81
1481,DEL-BLR,DEL,BLR,2024-07-11,760,A321,237,61,399245,322287.05
1482,DEL-LHR,DEL,LHR,2024-09-15,816,A321,206,63,664020,459930.29
1483,DEL-LHR,DEL,LHR,2024-09-23,331,B737,279,251,2741924,2505758.86
1484,BOM-DEL,BOM,DEL,2024-10-02,860,A350,158,84,504000,302648.25
1485,HYD-BOM,HYD,BOM,2024-10-29,373,A350,163,106,631018,438306.73
1486,BOM-DEL,BOM,DEL,2024-04-19,183,B737,256,148,1145076,1242707.56
1487,DEL-BLR,DEL,BLR,2024-11-25,860,A320,219,114,620730,396404.52
1488,MAA-DEL,MAA,DEL,2024-11-09,573,B737,191,98,550368,579023.36
1489,DEL-BLR,DEL,BLR,2024-08-23,142,B787,192,169,1069939,857242.01
1490,DEL-BLR,DEL,BLR,2024-08-19,635,B787,298,119,841568,732749.31
1491,DEL-JFK,DEL,JFK,2024-11-25,598,A350,150,75,725625,769633.52
1492,DEL-JFK,DEL,JFK,2024-09-29,709,A320,253,150,1008750,1010073.06
1493,BLR-HYD,BLR,HYD,2024-11-22,132,A350,135,126,1471302,1061119.53
1494,HYD-BOM,HYD,BOM,2024-07-11,416,A350,232,130,967330,916716.47
1495,DEL-LHR,DEL,LHR,2024-12-25,861,A321,187,163,1813864,1552859.31
1496,BOM-SIN,BOM,SIN,2024-03-04,82,A350,217,160,1401440,1298553.39
1497,BOM-DXB,BOM,DXB,2024-08-28,708,A321,207,88,575432,566903.46
1498,BLR-HYD,BLR,HYD,2024-02-01,482,B787,159,134,953276,681180.73
1499,BLR-HYD,BLR,HYD,2024-02-07,568,A350,183,103,682066,545580.72
1500,HYD-BOM,HYD,BOM,2024-08-21,281,B787,153,102,871692,634900.39